time_s,robot_id,robot_name,key,protocol,pwm_left,pwm_right,sonic_angle_deg,sonic_distance_cm,reason
0.0,r01,r01,e,"$0,0,0,0,0,0,0,0,0#",0,0,0,-1,init
0.0,r02,r02,e,"$0,0,0,0,0,0,0,0,0#",0,0,0,-1,init
0.0,r03,r03,e,"$0,0,0,0,0,0,0,0,0#",0,0,0,-1,init
0.0,r04,r04,e,"$0,0,0,0,0,0,0,0,0#",0,0,0,-1,init
0.2,r01,r01,w,"$1,0,0,0,0,0,0,0,0#",6000,6000,0,-1,path_to_final_target
0.2,r02,r02,w,"$1,0,0,0,0,0,0,0,0#",6000,6000,0,-1,path_to_final_target
0.2,r03,r03,w,"$1,0,0,0,0,0,0,0,0#",6000,6000,0,-1,path_to_final_target
0.2,r04,r04,w,"$1,0,0,0,0,0,0,0,0#",6000,6000,0,-1,path_to_final_target
0.4,r01,r01,w,"$1,0,0,0,0,0,0,0,0#",12000,12000,0,-1,cached_path_to_final_target
0.4,r02,r02,w,"$1,0,0,0,0,0,0,0,0#",12000,12000,0,-1,cached_path_to_final_target
0.4,r03,r03,w,"$1,0,0,0,0,0,0,0,0#",12000,12000,0,-1,cached_path_to_final_target
0.4,r04,r04,w,"$1,0,0,0,0,0,0,0,0#",12000,12000,0,-1,cached_path_to_final_target
0.6,r01,r01,w,"$1,0,0,0,0,0,0,0,0#",16000,16000,0,-1,cached_path_to_final_target
0.6,r02,r02,w,"$1,0,0,0,0,0,0,0,0#",16000,16000,0,-1,cached_path_to_final_target
0.6,r03,r03,w,"$1,0,0,0,0,0,0,0,0#",16000,16000,0,-1,cached_path_to_final_target
0.6,r04,r04,w,"$1,0,0,0,0,0,0,0,0#",16000,16000,0,-1,cached_path_to_final_target
0.8,r01,r01,w,"$1,0,0,0,0,0,0,0,0#",16000,16000,0,-1,cached_path_to_final_target
0.8,r02,r02,w,"$1,0,0,0,0,0,0,0,0#",16000,16000,0,-1,cached_path_to_final_target
0.8,r03,r03,w,"$1,0,0,0,0,0,0,0,0#",16000,16000,0,-1,cached_path_to_final_target
0.8,r04,r04,w,"$1,0,0,0,0,0,0,0,0#",16000,16000,0,-1,cached_path_to_final_target
1.0,r01,r01,w,"$1,0,0,0,0,0,0,0,0#",16000,16000,0,-1,path_to_final_target
1.0,r02,r02,w,"$1,0,0,0,0,0,0,0,0#",16000,16000,0,-1,path_to_final_target
1.0,r03,r03,w,"$1,0,0,0,0,0,0,0,0#",16000,16000,0,-1,path_to_final_target
1.0,r04,r04,w,"$1,0,0,0,0,0,0,0,0#",16000,16000,0,-1,path_to_final_target
1.2,r01,r01,w,"$1,0,0,0,0,0,0,0,0#",16000,16000,0,-1,cached_path_to_final_target
1.2,r02,r02,w,"$1,0,0,0,0,0,0,0,0#",16000,16000,0,-1,cached_path_to_final_target
1.2,r03,r03,w,"$1,0,0,0,0,0,0,0,0#",16000,16000,0,-1,cached_path_to_final_target
1.2,r04,r04,w,"$1,0,0,0,0,0,0,0,0#",16000,16000,0,-1,cached_path_to_final_target
1.4,r01,r01,w,"$1,0,0,0,0,0,0,0,0#",16000,16000,0,-1,cached_path_to_final_target
1.4,r02,r02,w,"$1,0,0,0,0,0,0,0,0#",16000,16000,0,-1,cached_path_to_final_target
1.4,r03,r03,w,"$1,0,0,0,0,0,0,0,0#",16000,16000,0,-1,cached_path_to_final_target
1.4,r04,r04,w,"$1,0,0,0,0,0,0,0,0#",16000,16000,0,-1,cached_path_to_final_target
1.6,r01,r01,w,"$1,0,0,0,0,0,0,0,0#",16000,16000,0,-1,cached_path_to_final_target
1.6,r02,r02,w,"$1,0,0,0,0,0,0,0,0#",16000,16000,-5,402,cached_path_to_final_target
1.6,r03,r03,w,"$1,0,0,0,0,0,0,0,0#",16000,16000,0,-1,cached_path_to_final_target
1.6,r04,r04,w,"$1,0,0,0,0,0,0,0,0#",16000,16000,5,402,cached_path_to_final_target
1.8,r01,r01,w,"$1,0,0,0,0,0,0,0,0#",16000,17000,0,-1,path_to_final_target
1.8,r02,r02,w,"$1,0,0,0,0,0,0,0,0#",16000,17000,-5,395,path_to_final_target
1.8,r03,r03,w,"$1,0,0,0,0,0,0,0,0#",17000,16000,0,-1,path_to_final_target
1.8,r04,r04,w,"$1,0,0,0,0,0,0,0,0#",17000,16000,5,395,path_to_final_target
2.0,r01,r01,w,"$1,0,0,0,0,0,0,0,0#",16000,17000,0,-1,cached_path_to_final_target
2.0,r02,r02,w,"$1,0,0,0,0,0,0,0,0#",16000,17000,-6,389,cached_path_to_final_target
2.0,r03,r03,w,"$1,0,0,0,0,0,0,0,0#",17000,16000,0,-1,cached_path_to_final_target
2.0,r04,r04,w,"$1,0,0,0,0,0,0,0,0#",17000,16000,6,389,cached_path_to_final_target
2.2,r01,r01,w,"$1,0,0,0,0,0,0,0,0#",16000,17000,0,-1,cached_path_to_final_target
2.2,r02,r02,w,"$1,0,0,0,0,0,0,0,0#",16000,17000,-6,383,cached_path_to_final_target
2.2,r03,r03,w,"$1,0,0,0,0,0,0,0,0#",17000,16000,0,-1,cached_path_to_final_target
2.2,r04,r04,w,"$1,0,0,0,0,0,0,0,0#",17000,16000,6,383,cached_path_to_final_target
2.4,r01,r01,w,"$1,0,0,0,0,0,0,0,0#",16000,16000,0,-1,cached_path_to_final_target
2.4,r02,r02,w,"$1,0,0,0,0,0,0,0,0#",16000,16000,-6,377,cached_path_to_final_target
2.4,r03,r03,w,"$1,0,0,0,0,0,0,0,0#",16000,16000,0,-1,cached_path_to_final_target
2.4,r04,r04,w,"$1,0,0,0,0,0,0,0,0#",16000,16000,6,377,cached_path_to_final_target
2.6,r01,r01,w,"$1,0,0,0,0,0,0,0,0#",16000,16000,0,-1,path_to_final_target
2.6,r02,r02,w,"$1,0,0,0,0,0,0,0,0#",16000,16000,-7,370,path_to_final_target
2.6,r03,r03,w,"$1,0,0,0,0,0,0,0,0#",16000,16000,0,-1,path_to_final_target
2.6,r04,r04,w,"$1,0,0,0,0,0,0,0,0#",16000,16000,6,370,path_to_final_target
2.8,r01,r01,w,"$1,0,0,0,0,0,0,0,0#",16000,16000,0,-1,cached_path_to_final_target
2.8,r02,r02,w,"$1,0,0,0,0,0,0,0,0#",16000,16000,-7,364,cached_path_to_final_target
2.8,r03,r03,w,"$1,0,0,0,0,0,0,0,0#",16000,16000,0,-1,cached_path_to_final_target
2.8,r04,r04,w,"$1,0,0,0,0,0,0,0,0#",16000,16000,7,364,cached_path_to_final_target
3.0,r01,r01,w,"$1,0,0,0,0,0,0,0,0#",16000,16000,-6,400,cached_path_to_final_target
3.0,r02,r02,w,"$1,0,0,0,0,0,0,0,0#",16000,16000,-7,358,cached_path_to_final_target
3.0,r03,r03,w,"$1,0,0,0,0,0,0,0,0#",16000,16000,6,400,cached_path_to_final_target
3.0,r04,r04,w,"$1,0,0,0,0,0,0,0,0#",16000,16000,7,358,cached_path_to_final_target
3.2,r01,r01,w,"$1,0,0,0,0,0,0,0,0#",16000,16000,-6,394,cached_path_to_final_target
3.2,r02,r02,w,"$1,0,0,0,0,0,0,0,0#",16000,16000,-7,352,cached_path_to_final_target
3.2,r03,r03,w,"$1,0,0,0,0,0,0,0,0#",16000,16000,6,394,cached_path_to_final_target
3.2,r04,r04,w,"$1,0,0,0,0,0,0,0,0#",16000,16000,7,352,cached_path_to_final_target
3.4,r01,r01,w,"$1,0,0,0,0,0,0,0,0#",16000,16000,-7,388,path_to_final_target
3.4,r02,r02,w,"$1,0,0,0,0,0,0,0,0#",16000,16000,-7,346,path_to_final_target
3.4,r03,r03,w,"$1,0,0,0,0,0,0,0,0#",16000,16000,6,388,path_to_final_target
3.4,r04,r04,w,"$1,0,0,0,0,0,0,0,0#",16000,16000,7,346,path_to_final_target
3.6,r01,r01,w,"$1,0,0,0,0,0,0,0,0#",16000,16000,-7,381,cached_path_to_final_target
3.6,r02,r02,w,"$1,0,0,0,0,0,0,0,0#",16000,16000,-7,339,cached_path_to_final_target
3.6,r03,r03,w,"$1,0,0,0,0,0,0,0,0#",16000,16000,7,381,cached_path_to_final_target
3.6,r04,r04,w,"$1,0,0,0,0,0,0,0,0#",16000,16000,7,339,cached_path_to_final_target
3.8,r01,r01,w,"$1,0,0,0,0,0,0,0,0#",16000,16000,-7,375,cached_path_to_final_target
3.8,r02,r02,w,"$1,0,0,0,0,0,0,0,0#",16000,16000,-7,333,cached_path_to_final_target
3.8,r03,r03,w,"$1,0,0,0,0,0,0,0,0#",16000,16000,7,375,cached_path_to_final_target
3.8,r04,r04,w,"$1,0,0,0,0,0,0,0,0#",16000,16000,7,333,cached_path_to_final_target
4.0,r01,r01,w,"$1,0,0,0,0,0,0,0,0#",16000,16000,-7,369,cached_path_to_final_target
4.0,r02,r02,w,"$1,0,0,0,0,0,0,0,0#",16000,16000,-7,327,cached_path_to_final_target
4.0,r03,r03,w,"$1,0,0,0,0,0,0,0,0#",16000,16000,7,369,cached_path_to_final_target
4.0,r04,r04,w,"$1,0,0,0,0,0,0,0,0#",16000,16000,7,327,cached_path_to_final_target
4.2,r01,r01,w,"$1,0,0,0,0,0,0,0,0#",16000,16000,-7,363,path_to_final_target
4.2,r02,r02,w,"$1,0,0,0,0,0,0,0,0#",16000,16000,-7,321,path_to_final_target
4.2,r03,r03,w,"$1,0,0,0,0,0,0,0,0#",16000,16000,7,363,path_to_final_target
4.2,r04,r04,w,"$1,0,0,0,0,0,0,0,0#",16000,16000,7,321,path_to_final_target
4.4,r01,r01,w,"$1,0,0,0,0,0,0,0,0#",16000,16000,-7,356,cached_path_to_final_target
4.4,r02,r02,w,"$1,0,0,0,0,0,0,0,0#",16000,16000,-8,314,cached_path_to_final_target
4.4,r03,r03,w,"$1,0,0,0,0,0,0,0,0#",16000,16000,7,356,cached_path_to_final_target
4.4,r04,r04,w,"$1,0,0,0,0,0,0,0,0#",16000,16000,7,314,cached_path_to_final_target
4.6,r01,r01,w,"$1,0,0,0,0,0,0,0,0#",16000,16000,-7,350,cached_path_to_final_target
4.6,r02,r02,w,"$1,0,0,0,0,0,0,0,0#",16000,16000,-8,308,cached_path_to_final_target
4.6,r03,r03,w,"$1,0,0,0,0,0,0,0,0#",16000,16000,7,350,cached_path_to_final_target
4.6,r04,r04,w,"$1,0,0,0,0,0,0,0,0#",16000,16000,8,308,cached_path_to_final_target
4.8,r01,r01,w,"$1,0,0,0,0,0,0,0,0#",16000,16000,-7,344,cached_path_to_final_target
4.8,r02,r02,w,"$1,0,0,0,0,0,0,0,0#",16000,16000,-8,302,cached_path_to_final_target
4.8,r03,r03,w,"$1,0,0,0,0,0,0,0,0#",16000,16000,7,344,cached_path_to_final_target
4.8,r04,r04,w,"$1,0,0,0,0,0,0,0,0#",16000,16000,8,302,cached_path_to_final_target
5.0,r01,r01,w,"$1,0,0,0,0,0,0,0,0#",16000,16000,-7,338,path_to_final_target
5.0,r02,r02,w,"$1,0,0,0,0,0,0,0,0#",16000,16000,-8,296,path_to_final_target
5.0,r03,r03,w,"$1,0,0,0,0,0,0,0,0#",16000,16000,7,338,path_to_final_target
5.0,r04,r04,w,"$1,0,0,0,0,0,0,0,0#",16000,16000,8,296,path_to_final_target
5.2,r01,r01,w,"$1,0,0,0,0,0,0,0,0#",16000,16000,-7,332,cached_path_to_final_target
5.2,r02,r02,w,"$1,0,0,0,0,0,0,0,0#",16000,16000,-8,290,cached_path_to_final_target
5.2,r03,r03,w,"$1,0,0,0,0,0,0,0,0#",16000,16000,7,332,cached_path_to_final_target
5.2,r04,r04,w,"$1,0,0,0,0,0,0,0,0#",16000,16000,8,290,cached_path_to_final_target
5.4,r01,r01,w,"$1,0,0,0,0,0,0,0,0#",16000,16000,-7,325,cached_path_to_final_target
5.4,r02,r02,w,"$1,0,0,0,0,0,0,0,0#",16000,16000,-8,283,cached_path_to_final_target
5.4,r03,r03,w,"$1,0,0,0,0,0,0,0,0#",16000,16000,7,325,cached_path_to_final_target
5.4,r04,r04,w,"$1,0,0,0,0,0,0,0,0#",16000,16000,8,283,cached_path_to_final_target
5.6,r01,r01,w,"$1,0,0,0,0,0,0,0,0#",16000,16000,-8,319,cached_path_to_final_target
5.6,r02,r02,w,"$1,0,0,0,0,0,0,0,0#",16000,16000,-8,277,cached_path_to_final_target
5.6,r03,r03,w,"$1,0,0,0,0,0,0,0,0#",16000,16000,7,319,cached_path_to_final_target
5.6,r04,r04,w,"$1,0,0,0,0,0,0,0,0#",16000,16000,8,277,cached_path_to_final_target
5.8,r01,r01,w,"$1,0,0,0,0,0,0,0,0#",16000,16000,-8,313,path_to_final_target
5.8,r02,r02,w,"$1,0,0,0,0,0,0,0,0#",16000,16000,-8,271,path_to_final_target
5.8,r03,r03,w,"$1,0,0,0,0,0,0,0,0#",16000,16000,8,313,path_to_final_target
5.8,r04,r04,w,"$1,0,0,0,0,0,0,0,0#",16000,16000,8,271,path_to_final_target
6.0,r01,r01,w,"$1,0,0,0,0,0,0,0,0#",16000,16000,-8,307,cached_path_to_final_target
6.0,r02,r02,w,"$1,0,0,0,0,0,0,0,0#",16000,16000,-9,265,cached_path_to_final_target
6.0,r03,r03,w,"$1,0,0,0,0,0,0,0,0#",16000,16000,8,307,cached_path_to_final_target
6.0,r04,r04,w,"$1,0,0,0,0,0,0,0,0#",16000,16000,9,265,cached_path_to_final_target
6.2,r01,r01,w,"$1,0,0,0,0,0,0,0,0#",16000,16000,-8,301,cached_path_to_final_target
6.2,r02,r02,w,"$1,0,0,0,0,0,0,0,0#",16000,16000,-9,259,cached_path_to_final_target
6.2,r03,r03,w,"$1,0,0,0,0,0,0,0,0#",16000,16000,8,301,cached_path_to_final_target
6.2,r04,r04,w,"$1,0,0,0,0,0,0,0,0#",16000,16000,9,259,cached_path_to_final_target
6.4,r01,r01,w,"$1,0,0,0,0,0,0,0,0#",16000,16000,-8,294,cached_path_to_final_target
6.4,r02,r02,w,"$1,0,0,0,0,0,0,0,0#",16000,16000,-9,252,cached_path_to_final_target
6.4,r03,r03,w,"$1,0,0,0,0,0,0,0,0#",16000,16000,8,294,cached_path_to_final_target
6.4,r04,r04,w,"$1,0,0,0,0,0,0,0,0#",16000,16000,9,252,cached_path_to_final_target
6.6,r01,r01,w,"$1,0,0,0,0,0,0,0,0#",16000,16000,-8,288,path_to_final_target
6.6,r02,r02,w,"$1,0,0,0,0,0,0,0,0#",16000,16000,-9,246,path_to_final_target
6.6,r03,r03,w,"$1,0,0,0,0,0,0,0,0#",16000,16000,8,288,path_to_final_target
6.6,r04,r04,w,"$1,0,0,0,0,0,0,0,0#",16000,16000,9,246,path_to_final_target
6.8,r01,r01,w,"$1,0,0,0,0,0,0,0,0#",16000,16000,-8,282,cached_path_to_final_target
6.8,r02,r02,w,"$1,0,0,0,0,0,0,0,0#",16000,16000,-9,240,cached_path_to_final_target
6.8,r03,r03,w,"$1,0,0,0,0,0,0,0,0#",16000,16000,8,282,cached_path_to_final_target
6.8,r04,r04,w,"$1,0,0,0,0,0,0,0,0#",16000,16000,9,240,cached_path_to_final_target
7.0,r01,r01,w,"$1,0,0,0,0,0,0,0,0#",16000,16000,-8,276,cached_path_to_final_target
7.0,r02,r02,w,"$1,0,0,0,0,0,0,0,0#",16000,16000,-10,234,cached_path_to_final_target
7.0,r03,r03,w,"$1,0,0,0,0,0,0,0,0#",16000,16000,8,276,cached_path_to_final_target
7.0,r04,r04,w,"$1,0,0,0,0,0,0,0,0#",16000,16000,9,234,cached_path_to_final_target
7.2,r01,r01,w,"$1,0,0,0,0,0,0,0,0#",11000,11000,-9,272,cached_path_to_final_target; completion_unstuck
7.2,r02,r02,w,"$1,0,0,0,0,0,0,0,0#",16000,16000,-10,228,cached_path_to_final_target
7.2,r03,r03,w,"$1,0,0,0,0,0,0,0,0#",11000,11000,9,272,cached_path_to_final_target; completion_unstuck
7.2,r04,r04,w,"$1,0,0,0,0,0,0,0,0#",16000,16000,10,228,cached_path_to_final_target
7.4,r01,r01,w,"$1,0,0,0,0,0,0,0,0#",16000,16000,-9,265,path_to_final_target
7.4,r02,r02,w,"$1,0,0,0,0,0,0,0,0#",16000,16000,-10,221,path_to_final_target
7.4,r03,r03,w,"$1,0,0,0,0,0,0,0,0#",16000,16000,9,265,path_to_final_target
7.4,r04,r04,w,"$1,0,0,0,0,0,0,0,0#",16000,16000,10,221,path_to_final_target
7.6,r01,r01,w,"$1,0,0,0,0,0,0,0,0#",11000,11000,-9,261,cached_path_to_final_target; completion_unstuck
7.6,r02,r02,w,"$1,0,0,0,0,0,0,0,0#",16000,16000,-10,215,cached_path_to_final_target
7.6,r03,r03,w,"$1,0,0,0,0,0,0,0,0#",11000,11000,9,261,cached_path_to_final_target; completion_unstuck
7.6,r04,r04,w,"$1,0,0,0,0,0,0,0,0#",16000,16000,10,215,cached_path_to_final_target
7.8,r01,r01,w,"$1,0,0,0,0,0,0,0,0#",16000,16000,-9,255,cached_path_to_final_target
7.8,r02,r02,w,"$1,0,0,0,0,0,0,0,0#",11000,11000,-10,211,cached_path_to_final_target
7.8,r03,r03,w,"$1,0,0,0,0,0,0,0,0#",16000,16000,9,255,cached_path_to_final_target
7.8,r04,r04,w,"$1,0,0,0,0,0,0,0,0#",11000,11000,10,211,cached_path_to_final_target
8.0,r01,r01,w,"$1,0,0,0,0,0,0,0,0#",11000,11000,-9,251,cached_path_to_final_target; completion_unstuck
8.0,r02,r02,w,"$1,0,0,0,0,0,0,0,0#",16000,16000,-11,205,cached_path_to_final_target
8.0,r03,r03,w,"$1,0,0,0,0,0,0,0,0#",11000,11000,9,251,cached_path_to_final_target; completion_unstuck
8.0,r04,r04,w,"$1,0,0,0,0,0,0,0,0#",16000,16000,11,205,cached_path_to_final_target
8.2,r01,r01,w,"$1,0,0,0,0,0,0,0,0#",16000,16000,-9,245,path_to_final_target
8.2,r02,r02,w,"$1,0,0,0,0,0,0,0,0#",11000,11000,-11,201,path_to_final_target
8.2,r03,r03,w,"$1,0,0,0,0,0,0,0,0#",16000,16000,9,245,path_to_final_target
8.2,r04,r04,w,"$1,0,0,0,0,0,0,0,0#",11000,11000,11,201,path_to_final_target
8.4,r01,r01,w,"$1,0,0,0,0,0,0,0,0#",11000,11000,-9,241,cached_path_to_final_target; completion_unstuck
8.4,r02,r02,w,"$1,0,0,0,0,0,0,0,0#",16000,16000,-11,195,cached_path_to_final_target
8.4,r03,r03,w,"$1,0,0,0,0,0,0,0,0#",11000,11000,9,241,cached_path_to_final_target; completion_unstuck
8.4,r04,r04,w,"$1,0,0,0,0,0,0,0,0#",16000,16000,11,195,cached_path_to_final_target
8.6,r01,r01,w,"$1,0,0,0,0,0,0,0,0#",16000,16000,-10,235,cached_path_to_final_target
8.6,r02,r02,w,"$1,0,0,0,0,0,0,0,0#",11000,11000,-11,191,cached_path_to_final_target
8.6,r03,r03,w,"$1,0,0,0,0,0,0,0,0#",16000,16000,10,235,cached_path_to_final_target
8.6,r04,r04,w,"$1,0,0,0,0,0,0,0,0#",11000,11000,11,191,cached_path_to_final_target
8.8,r01,r01,w,"$1,0,0,0,0,0,0,0,0#",11000,11000,-10,231,cached_path_to_final_target; completion_unstuck
8.8,r02,r02,w,"$1,0,0,0,0,0,0,0,0#",16000,16000,-11,184,cached_path_to_final_target
8.8,r03,r03,w,"$1,0,0,0,0,0,0,0,0#",11000,11000,10,231,cached_path_to_final_target; completion_unstuck
8.8,r04,r04,w,"$1,0,0,0,0,0,0,0,0#",16000,16000,11,184,cached_path_to_final_target
9.0,r01,r01,w,"$1,0,0,0,0,0,0,0,0#",16000,16000,-10,225,path_to_final_target
9.0,r02,r02,w,"$1,0,0,0,0,0,0,0,0#",11000,11000,-12,180,path_to_final_target
9.0,r03,r03,w,"$1,0,0,0,0,0,0,0,0#",16000,16000,10,225,path_to_final_target
9.0,r04,r04,w,"$1,0,0,0,0,0,0,0,0#",11000,11000,12,180,path_to_final_target
9.2,r01,r01,w,"$1,0,0,0,0,0,0,0,0#",11000,11000,-10,221,cached_path_to_final_target; completion_unstuck
9.2,r02,r02,w,"$1,0,0,0,0,0,0,0,0#",16000,16000,-12,174,cached_path_to_final_target
9.2,r03,r03,w,"$1,0,0,0,0,0,0,0,0#",11000,11000,10,221,cached_path_to_final_target; completion_unstuck
9.2,r04,r04,w,"$1,0,0,0,0,0,0,0,0#",16000,16000,12,174,cached_path_to_final_target
9.4,r01,r01,w,"$1,0,0,0,0,0,0,0,0#",16000,16000,-10,214,cached_path_to_final_target
9.4,r02,r02,w,"$1,0,0,0,0,0,0,0,0#",11000,11000,-12,170,cached_path_to_final_target
9.4,r03,r03,w,"$1,0,0,0,0,0,0,0,0#",16000,16000,10,214,cached_path_to_final_target
9.4,r04,r04,w,"$1,0,0,0,0,0,0,0,0#",11000,11000,12,170,cached_path_to_final_target
9.6,r01,r01,w,"$1,0,0,0,0,0,0,0,0#",11000,11000,-11,210,cached_path_to_final_target; completion_unstuck
9.6,r02,r02,w,"$1,0,0,0,0,0,0,0,0#",16000,16000,-12,164,cached_path_to_final_target
9.6,r03,r03,w,"$1,0,0,0,0,0,0,0,0#",11000,11000,10,210,cached_path_to_final_target; completion_unstuck
9.6,r04,r04,w,"$1,0,0,0,0,0,0,0,0#",16000,16000,12,164,cached_path_to_final_target
9.8,r01,r01,w,"$1,0,0,0,0,0,0,0,0#",16000,17000,-11,204,path_to_final_target
9.8,r02,r02,w,"$1,0,0,0,0,0,0,0,0#",10000,11000,-13,160,path_to_final_target
9.8,r03,r03,w,"$1,0,0,0,0,0,0,0,0#",17000,16000,11,204,path_to_final_target
9.8,r04,r04,w,"$1,0,0,0,0,0,0,0,0#",11000,10000,13,160,path_to_final_target
10.0,r01,r01,w,"$1,0,0,0,0,0,0,0,0#",10000,11000,-12,200,cached_path_to_final_target; completion_unstuck
10.0,r02,r02,w,"$1,0,0,0,0,0,0,0,0#",16000,17000,-14,154,cached_path_to_final_target
10.0,r03,r03,w,"$1,0,0,0,0,0,0,0,0#",11000,10000,12,200,cached_path_to_final_target; completion_unstuck
10.0,r04,r04,w,"$1,0,0,0,0,0,0,0,0#",17000,16000,14,154,cached_path_to_final_target
10.2,r01,r01,w,"$1,0,0,0,0,0,0,0,0#",16000,16000,-12,194,cached_path_to_final_target
10.2,r02,r02,w,"$1,0,0,0,0,0,0,0,0#",11000,11000,-15,150,cached_path_to_final_target
10.2,r03,r03,w,"$1,0,0,0,0,0,0,0,0#",16000,16000,12,194,cached_path_to_final_target
10.2,r04,r04,w,"$1,0,0,0,0,0,0,0,0#",11000,11000,14,150,cached_path_to_final_target
10.4,r01,r01,w,"$1,0,0,0,0,0,0,0,0#",11000,11000,-13,190,cached_path_to_final_target; completion_unstuck
10.4,r02,r02,w,"$1,0,0,0,0,0,0,0,0#",16000,16000,-15,144,cached_path_to_final_target
10.4,r03,r03,w,"$1,0,0,0,0,0,0,0,0#",11000,11000,12,190,cached_path_to_final_target; completion_unstuck
10.4,r04,r04,w,"$1,0,0,0,0,0,0,0,0#",16000,16000,15,144,cached_path_to_final_target
10.6,r01,r01,w,"$1,0,0,0,0,0,0,0,0#",16000,16000,-13,184,path_to_final_target
10.6,r02,r02,w,"$1,0,0,0,0,0,0,0,0#",11000,11000,-15,140,path_to_final_target
10.6,r03,r03,w,"$1,0,0,0,0,0,0,0,0#",16000,16000,13,184,path_to_final_target
10.6,r04,r04,w,"$1,0,0,0,0,0,0,0,0#",11000,11000,15,140,path_to_final_target
10.8,r01,r01,w,"$1,0,0,0,0,0,0,0,0#",11000,11000,-13,180,cached_path_to_final_target; completion_unstuck
10.8,r02,r02,w,"$1,0,0,0,0,0,0,0,0#",16000,16000,-16,134,cached_path_to_final_target
10.8,r03,r03,w,"$1,0,0,0,0,0,0,0,0#",11000,11000,13,180,cached_path_to_final_target; completion_unstuck
10.8,r04,r04,w,"$1,0,0,0,0,0,0,0,0#",16000,16000,16,134,cached_path_to_final_target
11.0,r01,r01,w,"$1,0,0,0,0,0,0,0,0#",16000,16000,-13,174,cached_path_to_final_target
11.0,r02,r02,w,"$1,0,0,0,0,0,0,0,0#",11000,11000,-16,130,cached_path_to_final_target
11.0,r03,r03,w,"$1,0,0,0,0,0,0,0,0#",16000,16000,13,174,cached_path_to_final_target
11.0,r04,r04,w,"$1,0,0,0,0,0,0,0,0#",11000,11000,16,130,cached_path_to_final_target
11.2,r01,r01,w,"$1,0,0,0,0,0,0,0,0#",11000,11000,-14,170,cached_path_to_final_target; completion_unstuck
11.2,r02,r02,w,"$1,0,0,0,0,0,0,0,0#",16000,16000,-17,124,cached_path_to_final_target
11.2,r03,r03,w,"$1,0,0,0,0,0,0,0,0#",11000,11000,14,170,cached_path_to_final_target; completion_unstuck
11.2,r04,r04,w,"$1,0,0,0,0,0,0,0,0#",16000,16000,17,124,cached_path_to_final_target
11.4,r01,r01,w,"$1,0,0,0,0,0,0,0,0#",16000,16000,-14,163,path_to_final_target
11.4,r02,r02,w,"$1,0,0,0,0,0,0,0,0#",11000,11000,-17,120,path_to_final_target
11.4,r03,r03,w,"$1,0,0,0,0,0,0,0,0#",16000,16000,14,163,path_to_final_target
11.4,r04,r04,w,"$1,0,0,0,0,0,0,0,0#",11000,11000,17,120,path_to_final_target
11.6,r01,r01,w,"$1,0,0,0,0,0,0,0,0#",11000,11000,-14,160,cached_path_to_final_target; completion_unstuck
11.6,r02,r02,w,"$1,0,0,0,0,0,0,0,0#",16000,16000,-18,114,cached_path_to_final_target
11.6,r03,r03,w,"$1,0,0,0,0,0,0,0,0#",11000,11000,14,159,cached_path_to_final_target; completion_unstuck
11.6,r04,r04,w,"$1,0,0,0,0,0,0,0,0#",16000,16000,18,113,cached_path_to_final_target
11.8,r01,r01,w,"$1,0,0,0,0,0,0,0,0#",16000,16000,-15,153,cached_path_to_final_target
11.8,r02,r02,w,"$1,0,0,0,0,0,0,0,0#",11000,11000,-18,110,cached_path_to_final_target
11.8,r03,r03,w,"$1,0,0,0,0,0,0,0,0#",16000,16000,15,153,cached_path_to_final_target
11.8,r04,r04,w,"$1,0,0,0,0,0,0,0,0#",11000,11000,18,110,cached_path_to_final_target
12.0,r01,r01,w,"$1,0,0,0,0,0,0,0,0#",11000,11000,-15,149,cached_path_to_final_target; completion_unstuck
12.0,r02,r02,w,"$1,0,0,0,0,0,0,0,0#",16000,16000,-19,104,cached_path_to_final_target
12.0,r03,r03,w,"$1,0,0,0,0,0,0,0,0#",11000,11000,15,149,cached_path_to_final_target; completion_unstuck
12.0,r04,r04,w,"$1,0,0,0,0,0,0,0,0#",16000,16000,19,103,cached_path_to_final_target
12.2,r01,r01,w,"$1,0,0,0,0,0,0,0,0#",16000,16000,-16,143,path_to_final_target
12.2,r02,r02,w,"$1,0,0,0,0,0,0,0,0#",11000,11000,-20,100,path_to_final_target
12.2,r03,r03,w,"$1,0,0,0,0,0,0,0,0#",16000,16000,15,143,path_to_final_target
12.2,r04,r04,w,"$1,0,0,0,0,0,0,0,0#",11000,11000,19,100,path_to_final_target
12.4,r01,r01,w,"$1,0,0,0,0,0,0,0,0#",11000,11000,-16,139,cached_path_to_final_target; completion_unstuck
12.4,r02,r02,w,"$1,0,0,0,0,0,0,0,0#",16000,16000,-20,94,cached_path_to_final_target
12.4,r03,r03,w,"$1,0,0,0,0,0,0,0,0#",11000,11000,16,139,cached_path_to_final_target; completion_unstuck
12.4,r04,r04,w,"$1,0,0,0,0,0,0,0,0#",16000,16000,20,93,cached_path_to_final_target
12.6,r01,r01,w,"$1,0,0,0,0,0,0,0,0#",16000,16000,-16,133,cached_path_to_final_target
12.6,r02,r02,w,"$1,0,0,0,0,0,0,0,0#",11000,11000,-21,90,cached_path_to_final_target
12.6,r03,r03,w,"$1,0,0,0,0,0,0,0,0#",16000,16000,16,133,cached_path_to_final_target
12.6,r04,r04,w,"$1,0,0,0,0,0,0,0,0#",11000,11000,21,90,cached_path_to_final_target
12.8,r01,r01,w,"$1,0,0,0,0,0,0,0,0#",11000,11000,-17,129,cached_path_to_final_target; completion_unstuck
12.8,r02,r02,w,"$1,0,0,0,0,0,0,0,0#",16000,16000,-22,84,cached_path_to_final_target
12.8,r03,r03,w,"$1,0,0,0,0,0,0,0,0#",11000,11000,17,129,cached_path_to_final_target; completion_unstuck
12.8,r04,r04,w,"$1,0,0,0,0,0,0,0,0#",16000,16000,21,84,cached_path_to_final_target
13.0,r01,r01,w,"$1,0,0,0,0,0,0,0,0#",16000,16000,-17,123,path_to_final_target
13.0,r02,r02,w,"$1,0,0,0,0,0,0,0,0#",11000,11000,-22,80,path_to_final_target
13.0,r03,r03,w,"$1,0,0,0,0,0,0,0,0#",16000,16000,17,123,path_to_final_target
13.0,r04,r04,w,"$1,0,0,0,0,0,0,0,0#",11000,11000,22,80,path_to_final_target
13.2,r01,r01,w,"$1,0,0,0,0,0,0,0,0#",11000,11000,-18,119,cached_path_to_final_target; completion_unstuck
13.2,r02,r02,w,"$1,0,0,0,0,0,0,0,0#",16000,16000,-23,74,cached_path_to_final_target
13.2,r03,r03,w,"$1,0,0,0,0,0,0,0,0#",11000,11000,17,119,cached_path_to_final_target; completion_unstuck
13.2,r04,r04,w,"$1,0,0,0,0,0,0,0,0#",16000,16000,23,74,cached_path_to_final_target
13.4,r01,r01,w,"$1,0,0,0,0,0,0,0,0#",16000,16000,-18,113,cached_path_to_final_target
13.4,r02,r02,w,"$1,0,0,0,0,0,0,0,0#",11000,11000,-24,70,cached_path_to_final_target
13.4,r03,r03,w,"$1,0,0,0,0,0,0,0,0#",16000,16000,18,113,cached_path_to_final_target
13.4,r04,r04,w,"$1,0,0,0,0,0,0,0,0#",11000,11000,24,70,cached_path_to_final_target
13.6,r01,r01,w,"$1,0,0,0,0,0,0,0,0#",11000,11000,-19,109,cached_path_to_final_target; completion_unstuck
13.6,r02,r02,w,"$1,0,0,0,0,0,0,0,0#",16000,16000,-25,64,cached_path_to_final_target
13.6,r03,r03,w,"$1,0,0,0,0,0,0,0,0#",11000,11000,19,109,cached_path_to_final_target; completion_unstuck
13.6,r04,r04,w,"$1,0,0,0,0,0,0,0,0#",16000,16000,25,64,cached_path_to_final_target
13.8,r01,r01,w,"$1,0,0,0,0,0,0,0,0#",17000,16000,-18,103,path_to_final_target
13.8,r02,r02,a,"$3,0,0,0,0,0,0,0,0#",6000,15000,-39,61,path_to_final_target
13.8,r03,r03,w,"$1,0,0,0,0,0,0,0,0#",16000,16000,19,103,path_to_final_target
13.8,r04,r04,d,"$4,0,0,0,0,0,0,0,0#",15000,6000,39,61,path_to_final_target
14.0,r01,r01,w,"$1,0,0,0,0,0,0,0,0#",11000,10000,-18,99,cached_path_to_final_target; completion_unstuck
14.0,r02,r02,w,"$1,0,0,0,0,0,0,0,0#",16000,16000,-41,56,cached_path_to_final_target
14.0,r03,r03,w,"$1,0,0,0,0,0,0,0,0#",11000,11000,20,99,cached_path_to_final_target; completion_unstuck
14.0,r04,r04,w,"$1,0,0,0,0,0,0,0,0#",16000,16000,41,56,cached_path_to_final_target
14.2,r01,r01,w,"$1,0,0,0,0,0,0,0,0#",17000,16000,-18,93,cached_path_to_final_target
14.2,r02,r02,a,"$3,0,0,0,0,0,0,0,0#",5000,15000,-55,53,cached_path_to_final_target
14.2,r03,r03,w,"$1,0,0,0,0,0,0,0,0#",16000,16000,20,93,cached_path_to_final_target
14.2,r04,r04,d,"$4,0,0,0,0,0,0,0,0#",15000,6000,55,53,cached_path_to_final_target
14.4,r01,r01,w,"$1,0,0,0,0,0,0,0,0#",11000,11000,-19,89,cached_path_to_final_target; completion_unstuck
14.4,r02,r02,w,"$1,0,0,0,0,0,0,0,0#",14000,14000,-57,50,cached_path_to_final_target
14.4,r03,r03,w,"$1,0,0,0,0,0,0,0,0#",11000,11000,21,89,cached_path_to_final_target; completion_unstuck
14.4,r04,r04,w,"$1,0,0,0,0,0,0,0,0#",15000,15000,57,50,cached_path_to_final_target
14.6,r01,r01,w,"$1,0,0,0,0,0,0,0,0#",16000,16000,-19,83,path_to_final_target
14.6,r02,r02,a,"$3,0,0,0,0,0,0,0,0#",6000,15000,-72,49,path_to_final_target
14.6,r03,r03,w,"$1,0,0,0,0,0,0,0,0#",16000,16000,22,83,path_to_final_target
14.6,r04,r04,d,"$4,0,0,0,0,0,0,0,0#",15000,6000,72,49,path_to_final_target
14.8,r01,r01,w,"$1,0,0,0,0,0,0,0,0#",11000,11000,-20,79,cached_path_to_final_target; completion_unstuck
14.8,r02,r02,w,"$1,0,0,0,0,0,0,0,0#",12000,12000,-9,46,cached_path_to_final_target
14.8,r03,r03,w,"$1,0,0,0,0,0,0,0,0#",11000,11000,23,79,cached_path_to_final_target; completion_unstuck
14.8,r04,r04,w,"$1,0,0,0,0,0,0,0,0#",12000,12000,8,46,cached_path_to_final_target
15.0,r01,r01,d,"$4,0,0,0,0,0,0,0,0#",9000,4000,-7,77,cached_path_to_final_target
15.0,r02,r02,d,"$4,0,0,0,0,0,0,0,0#",11000,4000,4,44,cached_path_to_final_target
15.0,r03,r03,a,"$3,0,0,0,0,0,0,0,0#",4000,9000,10,77,cached_path_to_final_target
15.0,r04,r04,a,"$3,0,0,0,0,0,0,0,0#",4000,11000,-5,43,cached_path_to_final_target
15.2,r01,r01,d,"$0,2,0,0,0,0,0,0,0#",9000,-9000,18,77,cached_path_to_final_target
15.2,r02,r02,d,"$4,0,0,0,0,0,0,0,0#",18000,5000,23,39,cached_path_to_final_target
15.2,r03,r03,a,"$0,1,0,0,0,0,0,0,0#",-9000,9000,-15,77,cached_path_to_final_target
15.2,r04,r04,a,"$3,0,0,0,0,0,0,0,0#",5000,18000,-24,39,cached_path_to_final_target
15.4,r01,r01,d,"$0,2,0,0,0,0,0,0,0#",18000,-7000,53,76,path_to_final_target
15.4,r02,r02,d,"$4,0,0,0,0,0,0,0,0#",8000,4000,29,38,path_to_final_target
15.4,r03,r03,a,"$0,1,0,0,0,0,0,0,0#",-8000,19000,-51,76,path_to_final_target
15.4,r04,r04,a,"$3,0,0,0,0,0,0,0,0#",4000,8000,-30,37,path_to_final_target
15.6,r01,r01,d,"$0,2,0,0,0,0,0,0,0#",20000,-4000,84,76,cached_path_to_final_target
15.6,r02,r02,d,"$4,0,0,0,0,0,0,0,0#",14000,9000,37,34,cached_path_to_final_target
15.6,r03,r03,a,"$0,1,0,0,0,0,0,0,0#",-4000,20000,-84,76,cached_path_to_final_target
15.6,r04,r04,a,"$3,0,0,0,0,0,0,0,0#",10000,14000,-36,34,cached_path_to_final_target
15.8,r01,r01,d,"$4,0,0,0,0,0,0,0,0#",19000,6000,104,78,cached_path_to_final_target
15.8,r02,r02,a,"$3,0,0,0,0,0,0,0,0#",4000,8000,32,32,cached_path_to_final_target
15.8,r03,r03,a,"$3,0,0,0,0,0,0,0,0#",6000,19000,-104,78,cached_path_to_final_target
15.8,r04,r04,d,"$4,0,0,0,0,0,0,0,0#",9000,4000,-29,32,cached_path_to_final_target
16.0,r01,r01,d,"$4,0,0,0,0,0,0,0,0#",9000,5000,110,79,cached_path_to_final_target
16.0,r02,r02,d,"$4,0,0,0,0,0,0,0,0#",14000,9000,40,29,cached_path_to_final_target
16.0,r03,r03,a,"$3,0,0,0,0,0,0,0,0#",5000,9000,-110,79,cached_path_to_final_target
16.0,r04,r04,a,"$3,0,0,0,0,0,0,0,0#",10000,14000,-36,29,cached_path_to_final_target
16.2,r01,r01,a,"$0,1,0,0,0,0,0,0,0#",-4000,4000,103,79,path_to_final_target
16.2,r02,r02,d,"$4,0,0,0,0,0,0,0,0#",9000,6000,44,27,path_to_final_target; completion_unstuck
16.2,r03,r03,d,"$0,2,0,0,0,0,0,0,0#",4000,-4000,-103,79,path_to_final_target
16.2,r04,r04,a,"$3,0,0,0,0,0,0,0,0#",6000,10000,-42,27,path_to_final_target; completion_unstuck
16.4,r01,r01,a,"$3,0,0,0,0,0,0,0,0#",-6000,-4000,99,79,cached_path_to_final_target
16.4,r02,r02,d,"$0,2,0,0,0,0,0,0,0#",8000,-4000,61,27,cached_path_to_final_target
16.4,r03,r03,d,"$4,0,0,0,0,0,0,0,0#",-4000,-6000,-99,79,cached_path_to_final_target
16.4,r04,r04,d,"$0,2,0,0,0,0,0,0,0#",4000,-4000,-36,27,cached_path_to_final_target
16.6,r01,r01,s,"$2,0,0,0,0,0,0,0,0#",-7000,-6000,97,78,cached_path_to_final_target
16.6,r02,r02,d,"$4,0,0,0,0,0,0,0,0#",9000,6000,66,27,cached_path_to_final_target
16.6,r03,r03,s,"$2,0,0,0,0,0,0,0,0#",-6000,-7000,-97,78,cached_path_to_final_target
16.6,r04,r04,a,"$3,0,0,0,0,0,0,0,0#",6000,10000,-42,25,cached_path_to_final_target
16.8,r01,r01,s,"$2,0,0,0,0,0,0,0,0#",-6000,-6000,97,77,cached_path_to_final_target
16.8,r02,r02,a,"$3,0,0,0,0,0,0,0,0#",4000,11000,58,26,cached_path_to_final_target; completion_unstuck
16.8,r03,r03,s,"$2,0,0,0,0,0,0,0,0#",-6000,-6000,-97,77,cached_path_to_final_target
16.8,r04,r04,a,"$3,0,0,0,0,0,0,0,0#",6000,9000,-48,24,cached_path_to_final_target; completion_unstuck
17.0,r01,r01,s,"$2,0,0,0,0,0,0,0,0#",-6000,-7000,96,77,path_to_final_target
17.0,r02,r02,w,"$1,0,0,0,0,0,0,0,0#",4000,4000,62,26,path_to_final_target
17.0,r03,r03,s,"$2,0,0,0,0,0,0,0,0#",-7000,-6000,-96,77,path_to_final_target
17.0,r04,r04,a,"$0,1,0,0,0,0,0,0,0#",-4000,8000,-65,23,path_to_final_target
17.2,r01,r01,a,"$3,0,0,0,0,0,0,0,0#",-11000,-4000,83,77,cached_path_to_final_target
17.2,r02,r02,a,"$3,0,0,0,0,0,0,0,0#",5000,10000,57,25,cached_path_to_final_target
17.2,r03,r03,d,"$4,0,0,0,0,0,0,0,0#",-4000,-11000,-83,77,cached_path_to_final_target
17.2,r04,r04,a,"$3,0,0,0,0,0,0,0,0#",6000,9000,-70,23,cached_path_to_final_target
17.4,r01,r01,s,"$2,0,0,0,0,0,0,0,0#",-6000,-7000,83,77,cached_path_to_final_target
17.4,r02,r02,d,"$0,2,0,0,0,0,0,0,0#",4000,-4000,63,25,cached_path_to_final_target
17.4,r03,r03,s,"$2,0,0,0,0,0,0,0,0#",-7000,-6000,-83,77,cached_path_to_final_target
17.4,r04,r04,a,"$0,1,0,0,0,0,0,0,0#",-4000,6000,-82,24,cached_path_to_final_target
17.6,r01,r01,a,"$3,0,0,0,0,0,0,0,0#",-8000,-4000,77,77,cached_path_to_final_target
17.6,r02,r02,a,"$3,0,0,0,0,0,0,0,0#",5000,10000,-35,24,cached_path_to_final_target
17.6,r03,r03,d,"$4,0,0,0,0,0,0,0,0#",-4000,-8000,-77,77,cached_path_to_final_target
17.6,r04,r04,w,"$1,0,0,0,0,0,0,0,0#",8000,7000,10,24,cached_path_to_final_target
17.8,r01,r01,d,"$4,0,0,0,0,0,0,0,0#",-4000,-9000,83,77,path_to_final_target
17.8,r02,r02,d,"$0,2,0,0,0,0,0,0,0#",4000,-4000,-29,23,path_to_final_target
17.8,r03,r03,a,"$3,0,0,0,0,0,0,0,0#",-9000,-4000,-83,77,path_to_final_target
17.8,r04,r04,a,"$0,1,0,0,0,0,0,0,0#",-4000,6000,-1,23,path_to_final_target
18.0,r01,r01,a,"$3,0,0,0,0,0,0,0,0#",-8000,-4000,77,77,cached_path_to_final_target
18.0,r02,r02,a,"$3,0,0,0,0,0,0,0,0#",5000,10000,-36,22,cached_path_to_final_target
18.0,r03,r03,d,"$4,0,0,0,0,0,0,0,0#",-4000,-8000,-77,77,cached_path_to_final_target
18.0,r04,r04,w,"$1,0,0,0,0,0,0,0,0#",8000,7000,0,20,cached_path_to_final_target
18.2,r01,r01,d,"$4,0,0,0,0,0,0,0,0#",-4000,-9000,83,78,cached_path_to_final_target
18.2,r02,r02,a,"$3,0,0,0,0,0,0,0,0#",7000,9000,-40,21,cached_path_to_final_target; completion_unstuck
18.2,r03,r03,a,"$3,0,0,0,0,0,0,0,0#",-9000,-4000,-83,78,cached_path_to_final_target
18.2,r04,r04,d,"$4,0,0,0,0,0,0,0,0#",11000,4000,14,19,cached_path_to_final_target; completion_unstuck
18.4,r01,r01,d,"$4,0,0,0,0,0,0,0,0#",-4000,-9000,140,77,cached_path_to_final_target
18.4,r02,r02,d,"$0,2,0,0,0,0,0,0,0#",6000,-4000,-30,21,cached_path_to_final_target
18.4,r03,r03,a,"$3,0,0,0,0,0,0,0,0#",-9000,-4000,-141,76,cached_path_to_final_target
18.4,r04,r04,d,"$0,2,0,0,0,0,0,0,0#",4000,-4000,15,19,cached_path_to_final_target
18.6,r01,r01,d,"$0,2,0,0,0,0,0,0,0#",7000,-8000,161,77,path_to_final_target
18.6,r02,r02,a,"$3,0,0,0,0,0,0,0,0#",7000,9000,-34,19,path_to_final_target
18.6,r03,r03,a,"$0,1,0,0,0,0,0,0,0#",-8000,7000,-162,76,path_to_final_target
18.6,r04,r04,d,"$4,0,0,0,0,0,0,0,0#",11000,4000,29,18,path_to_final_target
18.8,r01,r01,d,"$0,2,0,0,0,0,0,0,0#",4000,-16000,-173,74,cached_path_to_final_target
18.8,r02,r02,a,"$0,1,0,0,0,0,0,0,0#",-4000,7000,-50,19,cached_path_to_final_target
18.8,r03,r03,a,"$0,1,0,0,0,0,0,0,0#",-16000,4000,172,73,cached_path_to_final_target
18.8,r04,r04,d,"$0,2,0,0,0,0,0,0,0#",9000,-9000,54,18,cached_path_to_final_target
19.0,r01,r01,d,"$0,2,0,0,0,0,0,0,0#",13000,-14000,-136,74,cached_path_to_final_target
19.0,r02,r02,a,"$3,0,0,0,0,0,0,0,0#",7000,9000,-54,19,cached_path_to_final_target
19.0,r03,r03,a,"$0,1,0,0,0,0,0,0,0#",-14000,13000,136,73,cached_path_to_final_target
19.0,r04,r04,d,"$4,0,0,0,0,0,0,0,0#",10000,4000,68,18,cached_path_to_final_target
19.2,r01,r01,d,"$0,2,0,0,0,0,0,0,0#",4000,-15000,-111,73,cached_path_to_final_target
19.2,r02,r02,a,"$0,1,0,0,0,0,0,0,0#",-4000,6000,-66,20,cached_path_to_final_target
19.2,r03,r03,a,"$0,1,0,0,0,0,0,0,0#",-15000,4000,111,72,cached_path_to_final_target
19.2,r04,r04,d,"$0,2,0,0,0,0,0,0,0#",4000,-4000,71,18,cached_path_to_final_target
19.4,r01,r01,d,"$0,2,0,0,0,0,0,0,0#",4000,-5000,-151,73,path_to_final_target
19.4,r02,r02,w,"$1,0,0,0,0,0,0,0,0#",8000,7000,-66,20,path_to_final_target
19.4,r03,r03,a,"$0,1,0,0,0,0,0,0,0#",-5000,4000,99,72,path_to_final_target
19.4,r04,r04,a,"$3,0,0,0,0,0,0,0,0#",4000,9000,63,18,path_to_final_target
19.6,r01,r01,d,"$0,2,0,0,0,0,0,0,0#",9000,-9000,-127,73,cached_path_to_final_target
19.6,r02,r02,w,"$1,0,0,0,0,0,0,0,0#",4000,4000,-71,20,cached_path_to_final_target
19.6,r03,r03,a,"$0,1,0,0,0,0,0,0,0#",-9000,9000,75,72,cached_path_to_final_target
19.6,r04,r04,d,"$0,2,0,0,0,0,0,0,0#",4000,-4000,66,18,cached_path_to_final_target
19.8,r01,r01,d,"$0,2,0,0,0,0,0,0,0#",4000,-4000,-115,73,cached_path_to_final_target
19.8,r02,r02,d,"$4,0,0,0,0,0,0,0,0#",11000,5000,-65,21,cached_path_to_final_target
19.8,r03,r03,a,"$3,0,0,0,0,0,0,0,0#",4000,10000,64,71,cached_path_to_final_target
19.8,r04,r04,a,"$3,0,0,0,0,0,0,0,0#",4000,9000,59,18,cached_path_to_final_target
20.0,r01,r01,d,"$0,2,0,0,0,0,0,0,0#",9000,-9000,-91,73,cached_path_to_final_target
20.0,r02,r02,w,"$1,0,0,0,0,0,0,0,0#",4000,4000,-70,21,cached_path_to_final_target
20.0,r03,r03,a,"$0,1,0,0,0,0,0,0,0#",-9000,9000,40,71,cached_path_to_final_target
20.0,r04,r04,a,"$3,0,0,0,0,0,0,0,0#",6000,9000,55,18,cached_path_to_final_target; completion_unstuck
20.2,r01,r01,d,"$4,0,0,0,0,0,0,0,0#",-4000,-10000,-79,73,path_to_final_target
20.2,r02,r02,d,"$4,0,0,0,0,0,0,0,0#",11000,5000,-63,21,path_to_final_target
20.2,r03,r03,a,"$3,0,0,0,0,0,0,0,0#",4000,10000,29,69,path_to_final_target
20.2,r04,r04,a,"$3,0,0,0,0,0,0,0,0#",12000,14000,56,18,path_to_final_target
20.4,r01,r01,d,"$0,2,0,0,0,0,0,0,0#",9000,-9000,-55,73,cached_path_to_final_target
20.4,r02,r02,w,"$1,0,0,0,0,0,0,0,0#",4000,4000,-68,21,cached_path_to_final_target
20.4,r03,r03,a,"$0,1,0,0,0,0,0,0,0#",-4000,18000,5,66,cached_path_to_final_target
20.4,r04,r04,w,"$1,0,0,0,0,0,0,0,0#",7000,8000,57,18,cached_path_to_final_target; completion_unstuck
20.6,r01,r01,d,"$4,0,0,0,0,0,0,0,0#",-4000,-10000,-43,75,cached_path_to_final_target
20.6,r02,r02,a,"$0,1,0,0,0,0,0,0,0#",-8000,4000,-79,20,cached_path_to_final_target
20.6,r03,r03,a,"$0,1,0,0,0,0,0,0,0#",-4000,7000,-6,65,cached_path_to_final_target
20.6,r04,r04,w,"$1,0,0,0,0,0,0,0,0#",13000,14000,60,18,cached_path_to_final_target
20.8,r01,r01,a,"$0,1,0,0,0,0,0,0,0#",-4000,4000,-44,75,cached_path_to_final_target
20.8,r02,r02,w,"$1,0,0,0,0,0,0,0,0#",4000,4000,-78,21,cached_path_to_final_target; completion_unstuck
20.8,r03,r03,a,"$0,1,0,0,0,0,0,0,0#",-9000,9000,-30,65,cached_path_to_final_target
20.8,r04,r04,w,"$1,0,0,0,0,0,0,0,0#",16000,16000,65,17,cached_path_to_final_target
21.0,r01,r01,a,"$3,0,0,0,0,0,0,0,0#",-11000,-4000,-57,76,path_to_final_target
21.0,r02,r02,d,"$4,0,0,0,0,0,0,0,0#",12000,4000,-67,21,path_to_final_target; completion_unstuck
21.0,r03,r03,a,"$0,1,0,0,0,0,0,0,0#",-15000,4000,-54,67,path_to_final_target
21.0,r04,r04,w,"$1,0,0,0,0,0,0,0,0#",16000,16000,72,17,path_to_final_target
21.2,r01,r01,a,"$0,1,0,0,0,0,0,0,0#",-5000,5000,-71,76,cached_path_to_final_target
21.2,r02,r02,d,"$4,0,0,0,0,0,0,0,0#",8000,4000,-63,21,cached_path_to_final_target
21.2,r03,r03,a,"$0,1,0,0,0,0,0,0,0#",-6000,6000,-70,67,cached_path_to_final_target
21.2,r04,r04,w,"$1,0,0,0,0,0,0,0,0#",16000,16000,78,16,cached_path_to_final_target
21.4,r01,r01,s,"$2,0,0,0,0,0,0,0,0#",-6000,-5000,-72,77,cached_path_to_final_target
21.4,r02,r02,d,"$4,0,0,0,0,0,0,0,0#",7000,5000,-62,20,cached_path_to_final_target
21.4,r03,r03,a,"$3,0,0,0,0,0,0,0,0#",-7000,-4000,-74,67,cached_path_to_final_target
21.4,r04,r04,d,"$4,0,0,0,0,0,0,0,0#",20000,15000,97,17,cached_path_to_final_target
21.6,r01,r01,a,"$0,1,0,0,0,0,0,0,0#",-4000,4000,-78,77,cached_path_to_final_target
21.6,r02,r02,w,"$1,0,0,0,0,0,0,0,0#",11000,10000,-64,20,cached_path_to_final_target
21.6,r03,r03,a,"$0,1,0,0,0,0,0,0,0#",-4000,4000,-79,67,cached_path_to_final_target
21.6,r04,r04,w,"$1,0,0,0,0,0,0,0,0#",20000,19000,106,18,cached_path_to_final_target
21.8,r01,r01,d,"$4,0,0,0,0,0,0,0,0#",-5000,-7000,-74,78,path_to_final_target
21.8,r02,r02,w,"$1,0,0,0,0,0,0,0,0#",16000,17000,-70,19,path_to_final_target
21.8,r03,r03,d,"$4,0,0,0,0,0,0,0,0#",-5000,-7000,-75,68,path_to_final_target
21.8,r04,r04,w,"$1,0,0,0,0,0,0,0,0#",19000,20000,111,19,path_to_final_target
22.0,r01,r01,a,"$0,1,0,0,0,0,0,0,0#",-4000,4000,-79,78,cached_path_to_final_target
22.0,r02,r02,w,"$1,0,0,0,0,0,0,0,0#",16000,17000,-77,19,cached_path_to_final_target
22.0,r03,r03,a,"$0,1,0,0,0,0,0,0,0#",-4000,4000,-80,68,cached_path_to_final_target
22.0,r04,r04,a,"$3,0,0,0,0,0,0,0,0#",18000,20000,113,19,cached_path_to_final_target
22.2,r01,r01,d,"$4,0,0,0,0,0,0,0,0#",-5000,-7000,-75,79,cached_path_to_final_target
22.2,r02,r02,w,"$1,0,0,0,0,0,0,0,0#",16000,17000,-84,18,cached_path_to_final_target
22.2,r03,r03,d,"$4,0,0,0,0,0,0,0,0#",-4000,-7000,-75,69,cached_path_to_final_target
22.2,r04,r04,a,"$3,0,0,0,0,0,0,0,0#",18000,20000,115,18,cached_path_to_final_target
22.4,r01,r01,a,"$0,1,0,0,0,0,0,0,0#",-4000,4000,-79,79,cached_path_to_final_target
22.4,r02,r02,w,"$1,0,0,0,0,0,0,0,0#",16000,16000,-90,18,cached_path_to_final_target
22.4,r03,r03,a,"$0,1,0,0,0,0,0,0,0#",-4000,4000,-80,69,cached_path_to_final_target
22.4,r04,r04,a,"$3,0,0,0,0,0,0,0,0#",18000,20000,117,17,cached_path_to_final_target
22.6,r01,r01,d,"$4,0,0,0,0,0,0,0,0#",-5000,-7000,-75,79,path_to_final_target
22.6,r02,r02,a,"$3,0,0,0,0,0,0,0,0#",12000,18000,-105,18,path_to_final_target
22.6,r03,r03,d,"$4,0,0,0,0,0,0,0,0#",-4000,-7000,-76,70,path_to_final_target
22.6,r04,r04,a,"$3,0,0,0,0,0,0,0,0#",18000,20000,118,16,path_to_final_target
22.8,r01,r01,a,"$0,1,0,0,0,0,0,0,0#",-4000,4000,-79,79,cached_path_to_final_target
22.8,r02,r02,w,"$1,0,0,0,0,0,0,0,0#",20000,19000,-111,18,cached_path_to_final_target
22.8,r03,r03,a,"$0,1,0,0,0,0,0,0,0#",-4000,4000,-80,70,cached_path_to_final_target
22.8,r04,r04,a,"$3,0,0,0,0,0,0,0,0#",18000,20000,119,15,cached_path_to_final_target
23.0,r01,r01,d,"$4,0,0,0,0,0,0,0,0#",-5000,-7000,-75,80,cached_path_to_final_target
23.0,r02,r02,d,"$4,0,0,0,0,0,0,0,0#",20000,18000,-114,18,cached_path_to_final_target
23.0,r03,r03,d,"$4,0,0,0,0,0,0,0,0#",-4000,-7000,-76,70,cached_path_to_final_target
23.0,r04,r04,a,"$3,0,0,0,0,0,0,0,0#",18000,20000,120,16,cached_path_to_final_target
23.2,r01,r01,d,"$0,2,0,0,0,0,0,0,0#",6000,-6000,-60,80,cached_path_to_final_target
23.2,r02,r02,d,"$4,0,0,0,0,0,0,0,0#",20000,18000,-116,17,cached_path_to_final_target
23.2,r03,r03,a,"$0,1,0,0,0,0,0,0,0#",-4000,4000,-80,70,cached_path_to_final_target
23.2,r04,r04,w,"$1,0,0,0,0,0,0,0,0#",19000,20000,121,19,cached_path_to_final_target
23.4,r01,r01,d,"$0,2,0,0,0,0,0,0,0#",14000,-4000,-39,78,path_to_final_target
23.4,r02,r02,d,"$4,0,0,0,0,0,0,0,0#",20000,18000,-117,16,path_to_final_target
23.4,r03,r03,d,"$4,0,0,0,0,0,0,0,0#",-4000,-7000,-75,71,path_to_final_target
23.4,r04,r04,w,"$1,0,0,0,0,0,0,0,0#",19000,20000,122,22,path_to_final_target
23.6,r01,r01,d,"$4,0,0,0,0,0,0,0,0#",15000,8000,-31,74,cached_path_to_final_target
23.6,r02,r02,d,"$4,0,0,0,0,0,0,0,0#",20000,18000,-118,14,cached_path_to_final_target
23.6,r03,r03,s,"$2,0,0,0,0,0,0,0,0#",-6000,-7000,-73,72,cached_path_to_final_target
23.6,r04,r04,w,"$1,0,0,0,0,0,0,0,0#",19000,20000,124,27,cached_path_to_final_target
23.8,r01,r01,a,"$3,0,0,0,0,0,0,0,0#",10000,13000,-36,71,cached_path_to_final_target
23.8,r02,r02,d,"$4,0,0,0,0,0,0,0,0#",20000,18000,-120,14,cached_path_to_final_target
23.8,r03,r03,s,"$2,0,0,0,0,0,0,0,0#",-6000,-6000,-73,73,cached_path_to_final_target
23.8,r04,r04,w,"$1,0,0,0,0,0,0,0,0#",19000,20000,125,32,cached_path_to_final_target
24.0,r01,r01,a,"$0,1,0,0,0,0,0,0,0#",-4000,11000,-53,69,cached_path_to_final_target
24.0,r02,r02,d,"$4,0,0,0,0,0,0,0,0#",20000,18000,-121,16,cached_path_to_final_target
24.0,r03,r03,s,"$2,0,0,0,0,0,0,0,0#",-7000,-6000,-72,74,cached_path_to_final_target
24.0,r04,r04,w,"$1,0,0,0,0,0,0,0,0#",19000,20000,126,38,cached_path_to_final_target
24.2,r01,r01,a,"$0,1,0,0,0,0,0,0,0#",-4000,20000,-83,69,path_to_final_target
24.2,r02,r02,w,"$1,0,0,0,0,0,0,0,0#",20000,19000,-122,19,path_to_final_target
24.2,r03,r03,s,"$2,0,0,0,0,0,0,0,0#",-7000,-6000,-72,75,path_to_final_target
24.2,r04,r04,d,"$4,0,0,0,0,0,0,0,0#",18000,10000,138,42,path_to_final_target
24.4,r01,r01,a,"$3,0,0,0,0,0,0,0,0#",8000,20000,-102,69,cached_path_to_final_target
24.4,r02,r02,w,"$1,0,0,0,0,0,0,0,0#",20000,19000,-123,24,cached_path_to_final_target
24.4,r03,r03,s,"$2,0,0,0,0,0,0,0,0#",-7000,-6000,-72,76,cached_path_to_final_target
24.4,r04,r04,d,"$4,0,0,0,0,0,0,0,0#",20000,11000,152,48,cached_path_to_final_target
24.6,r01,r01,a,"$3,0,0,0,0,0,0,0,0#",14000,17000,-55,67,cached_path_to_final_target
24.6,r02,r02,w,"$1,0,0,0,0,0,0,0,0#",20000,19000,-125,29,cached_path_to_final_target
24.6,r03,r03,s,"$2,0,0,0,0,0,0,0,0#",-7000,-6000,-72,78,cached_path_to_final_target
24.6,r04,r04,d,"$4,0,0,0,0,0,0,0,0#",18000,14000,159,54,cached_path_to_final_target
24.8,r01,r01,d,"$4,0,0,0,0,0,0,0,0#",13000,7000,-48,64,cached_path_to_final_target
24.8,r02,r02,w,"$1,0,0,0,0,0,0,0,0#",20000,19000,-126,34,cached_path_to_final_target
24.8,r03,r03,d,"$0,2,0,0,0,0,0,0,0#",4000,-5000,-60,78,cached_path_to_final_target
24.8,r04,r04,d,"$4,0,0,0,0,0,0,0,0#",17000,15000,162,60,cached_path_to_final_target
25.0,r01,r01,d,"$0,2,0,0,0,0,0,0,0#",12000,-4000,-27,63,path_to_final_target
25.0,r02,r02,a,"$3,0,0,0,0,0,0,0,0#",11000,18000,-138,39,path_to_final_target
25.0,r03,r03,d,"$0,2,0,0,0,0,0,0,0#",13000,-4000,-41,76,path_to_final_target
25.0,r04,r04,w,"$1,0,0,0,0,0,0,0,0#",17000,16000,165,66,path_to_final_target
25.2,r01,r01,d,"$0,2,0,0,0,0,0,0,0#",20000,-4000,6,60,cached_path_to_final_target
25.2,r02,r02,a,"$3,0,0,0,0,0,0,0,0#",11000,20000,-151,45,cached_path_to_final_target
25.2,r03,r03,d,"$4,0,0,0,0,0,0,0,0#",14000,8000,-33,72,cached_path_to_final_target
25.2,r04,r04,w,"$1,0,0,0,0,0,0,0,0#",17000,16000,-27,62,cached_path_to_final_target
25.4,r01,r01,d,"$4,0,0,0,0,0,0,0,0#",20000,7000,27,54,cached_path_to_final_target
25.4,r02,r02,a,"$3,0,0,0,0,0,0,0,0#",14000,18000,-157,51,cached_path_to_final_target
25.4,r03,r03,d,"$4,0,0,0,0,0,0,0,0#",18000,15000,-30,66,cached_path_to_final_target
25.4,r04,r04,w,"$1,0,0,0,0,0,0,0,0#",17000,16000,-29,56,cached_path_to_final_target
25.6,r01,r01,d,"$4,0,0,0,0,0,0,0,0#",19000,14000,35,49,cached_path_to_final_target
25.6,r02,r02,w,"$1,0,0,0,0,0,0,0,0#",16000,17000,-161,57,cached_path_to_final_target
25.6,r03,r03,w,"$1,0,0,0,0,0,0,0,0#",17000,16000,-30,60,cached_path_to_final_target
25.6,r04,r04,w,"$1,0,0,0,0,0,0,0,0#",16000,16000,-31,50,cached_path_to_final_target
25.8,r01,r01,w,"$1,0,0,0,0,0,0,0,0#",16000,17000,37,44,path_to_final_target
25.8,r02,r02,w,"$1,0,0,0,0,0,0,0,0#",16000,17000,-163,63,path_to_final_target
25.8,r03,r03,w,"$1,0,0,0,0,0,0,0,0#",17000,16000,-31,54,path_to_final_target
25.8,r04,r04,w,"$1,0,0,0,0,0,0,0,0#",16000,16000,-33,45,path_to_final_target
26.0,r01,r01,w,"$1,0,0,0,0,0,0,0,0#",16000,17000,38,39,cached_path_to_final_target
26.0,r02,r02,w,"$1,0,0,0,0,0,0,0,0#",16000,17000,27,65,cached_path_to_final_target
26.0,r03,r03,a,"$3,0,0,0,0,0,0,0,0#",7000,16000,-44,51,cached_path_to_final_target
26.0,r04,r04,w,"$1,0,0,0,0,0,0,0,0#",16000,16000,-35,39,cached_path_to_final_target
26.2,r01,r01,w,"$1,0,0,0,0,0,0,0,0#",16000,16000,40,34,cached_path_to_final_target
26.2,r02,r02,w,"$1,0,0,0,0,0,0,0,0#",16000,16000,28,59,cached_path_to_final_target
26.2,r03,r03,a,"$3,0,0,0,0,0,0,0,0#",6000,20000,-69,48,cached_path_to_final_target
26.2,r04,r04,w,"$1,0,0,0,0,0,0,0,0#",16000,16000,-38,33,cached_path_to_final_target
26.4,r01,r01,w,"$1,0,0,0,0,0,0,0,0#",16000,16000,43,30,cached_path_to_final_target
26.4,r02,r02,w,"$1,0,0,0,0,0,0,0,0#",16000,16000,30,53,cached_path_to_final_target
26.4,r03,r03,a,"$3,0,0,0,0,0,0,0,0#",5000,12000,-81,47,cached_path_to_final_target
26.4,r04,r04,w,"$1,0,0,0,0,0,0,0,0#",16000,16000,-41,28,cached_path_to_final_target
26.6,r01,r01,d,"$4,0,0,0,0,0,0,0,0#",15000,6000,58,28,path_to_final_target
26.6,r02,r02,w,"$1,0,0,0,0,0,0,0,0#",16000,16000,32,47,path_to_final_target
26.6,r03,r03,w,"$1,0,0,0,0,0,0,0,0#",4000,4000,-79,47,path_to_final_target
26.6,r04,r04,a,"$3,0,0,0,0,0,0,0,0#",9000,18000,-57,25,path_to_final_target
26.8,r01,r01,d,"$4,0,0,0,0,0,0,0,0#",8000,4000,68,28,cached_path_to_final_target
26.8,r02,r02,w,"$1,0,0,0,0,0,0,0,0#",16000,16000,34,42,cached_path_to_final_target
26.8,r03,r03,s,"$2,0,0,0,0,0,0,0,0#",-4000,-4000,-75,47,cached_path_to_final_target
26.8,r04,r04,a,"$3,0,0,0,0,0,0,0,0#",11000,20000,-79,23,cached_path_to_final_target
27.0,r01,r01,a,"$3,0,0,0,0,0,0,0,0#",9000,12000,67,27,cached_path_to_final_target
27.0,r02,r02,w,"$1,0,0,0,0,0,0,0,0#",16000,16000,37,36,cached_path_to_final_target
27.0,r03,r03,d,"$0,2,0,0,0,0,0,0,0#",9000,-4000,-60,47,cached_path_to_final_target
27.0,r04,r04,a,"$3,0,0,0,0,0,0,0,0#",18000,20000,-91,23,cached_path_to_final_target
27.2,r01,r01,a,"$3,0,0,0,0,0,0,0,0#",12000,19000,59,25,cached_path_to_final_target
27.2,r02,r02,w,"$1,0,0,0,0,0,0,0,0#",16000,16000,40,31,cached_path_to_final_target
27.2,r03,r03,d,"$4,0,0,0,0,0,0,0,0#",14000,4000,-46,44,cached_path_to_final_target
27.2,r04,r04,w,"$1,0,0,0,0,0,0,0,0#",20000,20000,-96,25,cached_path_to_final_target
27.4,r01,r01,a,"$3,0,0,0,0,0,0,0,0#",14000,18000,-37,23,path_to_final_target
27.4,r02,r02,d,"$4,0,0,0,0,0,0,0,0#",18000,9000,56,27,path_to_final_target
27.4,r03,r03,d,"$4,0,0,0,0,0,0,0,0#",17000,12000,-42,40,path_to_final_target
27.4,r04,r04,w,"$1,0,0,0,0,0,0,0,0#",20000,19000,-99,27,path_to_final_target
27.6,r01,r01,w,"$1,0,0,0,0,0,0,0,0#",16000,17000,-43,21,cached_path_to_final_target
27.6,r02,r02,d,"$4,0,0,0,0,0,0,0,0#",20000,11000,78,25,cached_path_to_final_target
27.6,r03,r03,d,"$4,0,0,0,0,0,0,0,0#",17000,15000,-41,35,cached_path_to_final_target
27.6,r04,r04,d,"$4,0,0,0,0,0,0,0,0#",20000,18000,-101,31,cached_path_to_final_target
27.8,r01,r01,w,"$1,0,0,0,0,0,0,0,0#",16000,17000,-47,20,cached_path_to_final_target
27.8,r02,r02,d,"$4,0,0,0,0,0,0,0,0#",20000,18000,90,25,cached_path_to_final_target
27.8,r03,r03,w,"$1,0,0,0,0,0,0,0,0#",17000,16000,-42,30,cached_path_to_final_target
27.8,r04,r04,d,"$4,0,0,0,0,0,0,0,0#",20000,18000,-103,34,cached_path_to_final_target
28.0,r01,r01,w,"$1,0,0,0,0,0,0,0,0#",16000,17000,-52,19,cached_path_to_final_target
28.0,r02,r02,w,"$1,0,0,0,0,0,0,0,0#",20000,20000,95,26,cached_path_to_final_target
28.0,r03,r03,w,"$1,0,0,0,0,0,0,0,0#",17000,16000,-44,26,cached_path_to_final_target
28.0,r04,r04,d,"$4,0,0,0,0,0,0,0,0#",20000,18000,-105,36,cached_path_to_final_target
28.2,r01,r01,w,"$1,0,0,0,0,0,0,0,0#",16000,17000,-57,18,path_to_final_target
28.2,r02,r02,w,"$1,0,0,0,0,0,0,0,0#",19000,20000,98,28,path_to_final_target
28.2,r03,r03,w,"$1,0,0,0,0,0,0,0,0#",16000,16000,-47,22,path_to_final_target
28.2,r04,r04,d,"$4,0,0,0,0,0,0,0,0#",20000,18000,-106,39,path_to_final_target
28.4,r01,r01,w,"$1,0,0,0,0,0,0,0,0#",16000,17000,-63,18,cached_path_to_final_target
28.4,r02,r02,a,"$3,0,0,0,0,0,0,0,0#",18000,20000,100,31,cached_path_to_final_target
28.4,r03,r03,w,"$1,0,0,0,0,0,0,0,0#",16000,16000,-50,19,cached_path_to_final_target
28.4,r04,r04,d,"$4,0,0,0,0,0,0,0,0#",20000,18000,-108,40,cached_path_to_final_target
28.6,r01,r01,w,"$1,0,0,0,0,0,0,0,0#",16000,17000,-69,17,cached_path_to_final_target
28.6,r02,r02,a,"$3,0,0,0,0,0,0,0,0#",18000,20000,102,34,cached_path_to_final_target
28.6,r03,r03,w,"$1,0,0,0,0,0,0,0,0#",16000,16000,-54,18,cached_path_to_final_target
28.6,r04,r04,d,"$4,0,0,0,0,0,0,0,0#",20000,18000,-109,41,cached_path_to_final_target
28.8,r01,r01,a,"$3,0,0,0,0,0,0,0,0#",13000,20000,-89,18,cached_path_to_final_target
28.8,r02,r02,a,"$3,0,0,0,0,0,0,0,0#",18000,20000,103,37,cached_path_to_final_target
28.8,r03,r03,w,"$1,0,0,0,0,0,0,0,0#",16000,16000,-58,17,cached_path_to_final_target
28.8,r04,r04,d,"$4,0,0,0,0,0,0,0,0#",20000,18000,-111,42,cached_path_to_final_target
29.0,r01,r01,a,"$3,0,0,0,0,0,0,0,0#",18000,20000,-101,20,path_to_final_target
29.0,r02,r02,a,"$3,0,0,0,0,0,0,0,0#",18000,20000,105,40,path_to_final_target
29.0,r03,r03,w,"$1,0,0,0,0,0,0,0,0#",16000,16000,-63,18,path_to_final_target
29.0,r04,r04,d,"$4,0,0,0,0,0,0,0,0#",20000,18000,-112,42,path_to_final_target
29.2,r01,r01,w,"$1,0,0,0,0,0,0,0,0#",20000,20000,-107,21,cached_path_to_final_target
29.2,r02,r02,a,"$3,0,0,0,0,0,0,0,0#",18000,20000,106,41,cached_path_to_final_target
29.2,r03,r03,w,"$1,0,0,0,0,0,0,0,0#",16000,16000,-67,19,cached_path_to_final_target
29.2,r04,r04,w,"$1,0,0,0,0,0,0,0,0#",20000,19000,-113,44,cached_path_to_final_target
29.4,r01,r01,w,"$1,0,0,0,0,0,0,0,0#",20000,19000,96,21,cached_path_to_final_target
29.4,r02,r02,a,"$3,0,0,0,0,0,0,0,0#",18000,20000,108,43,cached_path_to_final_target
29.4,r03,r03,w,"$1,0,0,0,0,0,0,0,0#",16000,16000,-73,20,cached_path_to_final_target
29.4,r04,r04,w,"$1,0,0,0,0,0,0,0,0#",20000,19000,-115,45,cached_path_to_final_target
29.6,r01,r01,d,"$4,0,0,0,0,0,0,0,0#",20000,17000,110,21,cached_path_to_final_target
29.6,r02,r02,a,"$3,0,0,0,0,0,0,0,0#",18000,20000,109,44,cached_path_to_final_target
29.6,r03,r03,w,"$1,0,0,0,0,0,0,0,0#",16000,16000,-78,21,cached_path_to_final_target
29.6,r04,r04,w,"$1,0,0,0,0,0,0,0,0#",20000,19000,-116,47,cached_path_to_final_target
29.8,r01,r01,w,"$1,0,0,0,0,0,0,0,0#",20000,20000,117,21,path_to_final_target
29.8,r02,r02,a,"$3,0,0,0,0,0,0,0,0#",18000,20000,111,44,path_to_final_target
29.8,r03,r03,w,"$1,0,0,0,0,0,0,0,0#",17000,16000,-84,22,path_to_final_target
29.8,r04,r04,w,"$1,0,0,0,0,0,0,0,0#",20000,19000,-117,50,path_to_final_target
30.0,r01,r01,w,"$1,0,0,0,0,0,0,0,0#",19000,20000,121,21,cached_path_to_final_target
30.0,r02,r02,w,"$1,0,0,0,0,0,0,0,0#",19000,20000,112,45,cached_path_to_final_target
30.0,r03,r03,w,"$1,0,0,0,0,0,0,0,0#",17000,16000,74,21,cached_path_to_final_target
30.0,r04,r04,w,"$1,0,0,0,0,0,0,0,0#",20000,19000,-118,53,cached_path_to_final_target
30.2,r01,r01,w,"$1,0,0,0,0,0,0,0,0#",19000,20000,124,21,cached_path_to_final_target
30.2,r02,r02,w,"$1,0,0,0,0,0,0,0,0#",19000,20000,113,46,cached_path_to_final_target
30.2,r03,r03,d,"$4,0,0,0,0,0,0,0,0#",20000,14000,-83,22,cached_path_to_final_target
30.2,r04,r04,w,"$1,0,0,0,0,0,0,0,0#",20000,19000,-119,57,cached_path_to_final_target
30.4,r01,r01,w,"$1,0,0,0,0,0,0,0,0#",19000,20000,126,21,cached_path_to_final_target
30.4,r02,r02,w,"$1,0,0,0,0,0,0,0,0#",19000,20000,115,48,cached_path_to_final_target
30.4,r03,r03,w,"$1,0,0,0,0,0,0,0,0#",19000,19000,-91,21,cached_path_to_final_target
30.4,r04,r04,w,"$1,0,0,0,0,0,0,0,0#",20000,19000,-120,61,cached_path_to_final_target
30.6,r01,r01,w,"$1,0,0,0,0,0,0,0,0#",19000,20000,127,23,path_to_final_target
30.6,r02,r02,w,"$1,0,0,0,0,0,0,0,0#",19000,20000,116,50,path_to_final_target
30.6,r03,r03,a,"$3,0,0,0,0,0,0,0,0#",16000,20000,-107,22,path_to_final_target
30.6,r04,r04,w,"$1,0,0,0,0,0,0,0,0#",20000,19000,-121,65,path_to_final_target
30.8,r01,r01,w,"$1,0,0,0,0,0,0,0,0#",19000,20000,129,26,cached_path_to_final_target
30.8,r02,r02,w,"$1,0,0,0,0,0,0,0,0#",19000,20000,117,53,cached_path_to_final_target
30.8,r03,r03,w,"$1,0,0,0,0,0,0,0,0#",19000,20000,103,21,cached_path_to_final_target
30.8,r04,r04,w,"$1,0,0,0,0,0,0,0,0#",20000,19000,-122,69,cached_path_to_final_target
31.0,r01,r01,w,"$1,0,0,0,0,0,0,0,0#",19000,20000,130,29,cached_path_to_final_target
31.0,r02,r02,w,"$1,0,0,0,0,0,0,0,0#",19000,20000,118,56,cached_path_to_final_target
31.0,r03,r03,w,"$1,0,0,0,0,0,0,0,0#",20000,20000,110,20,cached_path_to_final_target
31.0,r04,r04,w,"$1,0,0,0,0,0,0,0,0#",20000,19000,-123,74,cached_path_to_final_target
31.2,r01,r01,d,"$4,0,0,0,0,0,0,0,0#",18000,10000,142,33,cached_path_to_final_target
31.2,r02,r02,w,"$1,0,0,0,0,0,0,0,0#",19000,20000,119,60,cached_path_to_final_target
31.2,r03,r03,w,"$1,0,0,0,0,0,0,0,0#",19000,20000,113,19,cached_path_to_final_target
31.2,r04,r04,w,"$1,0,0,0,0,0,0,0,0#",20000,19000,-124,79,cached_path_to_final_target
31.4,r01,r01,d,"$4,0,0,0,0,0,0,0,0#",20000,8000,161,38,path_to_final_target
31.4,r02,r02,w,"$1,0,0,0,0,0,0,0,0#",19000,20000,120,64,path_to_final_target
31.4,r03,r03,a,"$3,0,0,0,0,0,0,0,0#",18000,20000,115,17,path_to_final_target
31.4,r04,r04,w,"$1,0,0,0,0,0,0,0,0#",20000,19000,-125,84,path_to_final_target
31.6,r01,r01,d,"$4,0,0,0,0,0,0,0,0#",19000,13000,169,44,cached_path_to_final_target
31.6,r02,r02,w,"$1,0,0,0,0,0,0,0,0#",19000,20000,121,68,cached_path_to_final_target
31.6,r03,r03,a,"$3,0,0,0,0,0,0,0,0#",18000,20000,117,16,cached_path_to_final_target
31.6,r04,r04,a,"$3,0,0,0,0,0,0,0,0#",10000,18000,-137,88,cached_path_to_final_target
31.8,r01,r01,d,"$4,0,0,0,0,0,0,0,0#",18000,15000,173,50,cached_path_to_final_target
31.8,r02,r02,w,"$1,0,0,0,0,0,0,0,0#",19000,20000,122,72,cached_path_to_final_target
31.8,r03,r03,a,"$3,0,0,0,0,0,0,0,0#",18000,20000,119,17,cached_path_to_final_target
31.8,r04,r04,a,"$3,0,0,0,0,0,0,0,0#",11000,19000,-150,93,cached_path_to_final_target
32.0,r01,r01,w,"$1,0,0,0,0,0,0,0,0#",17000,16000,-125,56,cached_path_to_final_target
32.0,r02,r02,w,"$1,0,0,0,0,0,0,0,0#",19000,20000,123,77,cached_path_to_final_target
32.0,r03,r03,w,"$1,0,0,0,0,0,0,0,0#",19000,20000,120,18,cached_path_to_final_target
32.0,r04,r04,a,"$3,0,0,0,0,0,0,0,0#",15000,18000,-155,99,cached_path_to_final_target
32.2,r01,r01,d,"$4,0,0,0,0,0,0,0,0#",20000,17000,-121,59,path_to_final_target
32.2,r02,r02,w,"$1,0,0,0,0,0,0,0,0#",19000,20000,124,82,path_to_final_target
32.2,r03,r03,w,"$1,0,0,0,0,0,0,0,0#",19000,20000,121,22,path_to_final_target
32.2,r04,r04,w,"$1,0,0,0,0,0,0,0,0#",16000,17000,-158,105,path_to_final_target
32.4,r01,r01,d,"$4,0,0,0,0,0,0,0,0#",20000,18000,-120,63,cached_path_to_final_target
32.4,r02,r02,d,"$4,0,0,0,0,0,0,0,0#",18000,11000,136,86,cached_path_to_final_target
32.4,r03,r03,w,"$1,0,0,0,0,0,0,0,0#",19000,20000,123,26,cached_path_to_final_target
32.4,r04,r04,w,"$1,0,0,0,0,0,0,0,0#",16000,17000,-160,111,cached_path_to_final_target
32.6,r01,r01,w,"$1,0,0,0,0,0,0,0,0#",20000,19000,48,67,cached_path_to_final_target
32.6,r02,r02,d,"$4,0,0,0,0,0,0,0,0#",19000,12000,147,91,cached_path_to_final_target
32.6,r03,r03,w,"$1,0,0,0,0,0,0,0,0#",19000,20000,124,31,cached_path_to_final_target
32.6,r04,r04,w,"$1,0,0,0,0,0,0,0,0#",16000,17000,-161,117,cached_path_to_final_target
32.8,r01,r01,a,"$3,0,0,0,0,0,0,0,0#",12000,19000,41,62,cached_path_to_final_target
32.8,r02,r02,d,"$4,0,0,0,0,0,0,0,0#",18000,15000,152,97,cached_path_to_final_target
32.8,r03,r03,w,"$1,0,0,0,0,0,0,0,0#",19000,20000,125,36,cached_path_to_final_target
32.8,r04,r04,w,"$1,0,0,0,0,0,0,0,0#",16000,16000,-162,123,cached_path_to_final_target
33.0,r01,r01,a,"$3,0,0,0,0,0,0,0,0#",15000,18000,39,57,path_to_final_target
33.0,r02,r02,w,"$1,0,0,0,0,0,0,0,0#",17000,16000,155,103,path_to_final_target
33.0,r03,r03,w,"$1,0,0,0,0,0,0,0,0#",19000,20000,127,42,path_to_final_target
33.0,r04,r04,w,"$1,0,0,0,0,0,0,0,0#",16000,16000,-163,130,path_to_final_target
33.2,r01,r01,w,"$1,0,0,0,0,0,0,0,0#",16000,17000,39,51,cached_path_to_final_target
33.2,r02,r02,w,"$1,0,0,0,0,0,0,0,0#",17000,16000,157,109,cached_path_to_final_target
33.2,r03,r03,d,"$4,0,0,0,0,0,0,0,0#",18000,10000,139,46,cached_path_to_final_target
33.2,r04,r04,w,"$1,0,0,0,0,0,0,0,0#",16000,16000,-163,136,cached_path_to_final_target
33.4,r01,r01,w,"$1,0,0,0,0,0,0,0,0#",16000,17000,41,45,cached_path_to_final_target
33.4,r02,r02,w,"$1,0,0,0,0,0,0,0,0#",16000,16000,158,115,cached_path_to_final_target
33.4,r03,r03,d,"$4,0,0,0,0,0,0,0,0#",20000,10000,153,52,cached_path_to_final_target
33.4,r04,r04,w,"$1,0,0,0,0,0,0,0,0#",16000,16000,-164,142,cached_path_to_final_target
33.6,r01,r01,w,"$1,0,0,0,0,0,0,0,0#",16000,17000,44,40,cached_path_to_final_target
33.6,r02,r02,w,"$1,0,0,0,0,0,0,0,0#",16000,16000,159,121,cached_path_to_final_target
33.6,r03,r03,d,"$4,0,0,0,0,0,0,0,0#",18000,14000,160,58,cached_path_to_final_target
33.6,r04,r04,w,"$1,0,0,0,0,0,0,0,0#",16000,16000,-164,148,cached_path_to_final_target
33.8,r01,r01,d,"$4,0,0,0,0,0,0,0,0#",19000,10000,59,36,path_to_final_target
33.8,r02,r02,w,"$1,0,0,0,0,0,0,0,0#",16000,16000,160,127,path_to_final_target
33.8,r03,r03,d,"$4,0,0,0,0,0,0,0,0#",18000,15000,164,64,path_to_final_target
33.8,r04,r04,w,"$1,0,0,0,0,0,0,0,0#",16000,16000,-165,154,path_to_final_target
34.0,r01,r01,d,"$4,0,0,0,0,0,0,0,0#",20000,12000,80,33,cached_path_to_final_target
34.0,r02,r02,w,"$1,0,0,0,0,0,0,0,0#",16000,16000,160,133,cached_path_to_final_target
34.0,r03,r03,w,"$1,0,0,0,0,0,0,0,0#",17000,16000,-27,65,cached_path_to_final_target
34.0,r04,r04,w,"$1,0,0,0,0,0,0,0,0#",16000,16000,-165,160,cached_path_to_final_target
34.2,r01,r01,d,"$4,0,0,0,0,0,0,0,0#",20000,18000,89,31,cached_path_to_final_target
34.2,r02,r02,w,"$1,0,0,0,0,0,0,0,0#",16000,16000,161,139,cached_path_to_final_target
34.2,r03,r03,w,"$1,0,0,0,0,0,0,0,0#",17000,16000,-28,59,cached_path_to_final_target
34.2,r04,r04,w,"$1,0,0,0,0,0,0,0,0#",16000,16000,-166,166,cached_path_to_final_target
34.4,r01,r01,w,"$1,0,0,0,0,0,0,0,0#",19000,20000,94,31,cached_path_to_final_target
34.4,r02,r02,w,"$1,0,0,0,0,0,0,0,0#",16000,16000,162,145,cached_path_to_final_target
34.4,r03,r03,w,"$1,0,0,0,0,0,0,0,0#",17000,16000,-30,53,cached_path_to_final_target
34.4,r04,r04,w,"$1,0,0,0,0,0,0,0,0#",16000,16000,-166,173,cached_path_to_final_target
34.6,r01,r01,a,"$3,0,0,0,0,0,0,0,0#",9000,19000,83,30,path_to_final_target
34.6,r02,r02,w,"$1,0,0,0,0,0,0,0,0#",16000,16000,162,151,path_to_final_target
34.6,r03,r03,w,"$1,0,0,0,0,0,0,0,0#",16000,16000,-31,47,path_to_final_target
34.6,r04,r04,w,"$1,0,0,0,0,0,0,0,0#",16000,16000,-167,179,path_to_final_target
34.8,r01,r01,a,"$3,0,0,0,0,0,0,0,0#",4000,20000,63,28,cached_path_to_final_target
34.8,r02,r02,w,"$1,0,0,0,0,0,0,0,0#",16000,16000,163,157,cached_path_to_final_target
34.8,r03,r03,w,"$1,0,0,0,0,0,0,0,0#",16000,16000,-33,41,cached_path_to_final_target
34.8,r04,r04,w,"$1,0,0,0,0,0,0,0,0#",16000,16000,-167,185,cached_path_to_final_target
35.0,r01,r01,a,"$3,0,0,0,0,0,0,0,0#",14000,20000,56,24,cached_path_to_final_target
35.0,r02,r02,w,"$1,0,0,0,0,0,0,0,0#",16000,16000,163,163,cached_path_to_final_target
35.0,r03,r03,w,"$1,0,0,0,0,0,0,0,0#",16000,16000,-36,36,cached_path_to_final_target
35.0,r04,r04,w,"$1,0,0,0,0,0,0,0,0#",16000,16000,-167,191,cached_path_to_final_target
35.2,r01,r01,w,"$1,0,0,0,0,0,0,0,0#",17000,16000,63,22,cached_path_to_final_target
35.2,r02,r02,w,"$1,0,0,0,0,0,0,0,0#",16000,16000,164,170,cached_path_to_final_target
35.2,r03,r03,w,"$1,0,0,0,0,0,0,0,0#",16000,16000,-39,30,cached_path_to_final_target
35.2,r04,r04,w,"$1,0,0,0,0,0,0,0,0#",16000,16000,-168,197,cached_path_to_final_target
35.4,r01,r01,d,"$4,0,0,0,0,0,0,0,0#",20000,13000,83,22,path_to_final_target
35.4,r02,r02,w,"$1,0,0,0,0,0,0,0,0#",16000,16000,164,176,path_to_final_target
35.4,r03,r03,a,"$3,0,0,0,0,0,0,0,0#",9000,18000,-55,27,path_to_final_target
35.4,r04,r04,w,"$1,0,0,0,0,0,0,0,0#",16000,16000,-168,204,path_to_final_target
35.6,r01,r01,d,"$4,0,0,0,0,0,0,0,0#",20000,18000,95,25,cached_path_to_final_target
35.6,r02,r02,w,"$1,0,0,0,0,0,0,0,0#",16000,16000,165,182,cached_path_to_final_target
35.6,r03,r03,a,"$3,0,0,0,0,0,0,0,0#",10000,20000,-78,25,cached_path_to_final_target
35.6,r04,r04,w,"$1,0,0,0,0,0,0,0,0#",16000,16000,-168,210,cached_path_to_final_target
35.8,r01,r01,w,"$1,0,0,0,0,0,0,0,0#",20000,20000,101,28,cached_path_to_final_target
35.8,r02,r02,w,"$1,0,0,0,0,0,0,0,0#",16000,16000,165,188,cached_path_to_final_target
35.8,r03,r03,a,"$3,0,0,0,0,0,0,0,0#",18000,20000,-90,24,cached_path_to_final_target
35.8,r04,r04,w,"$1,0,0,0,0,0,0,0,0#",16000,16000,-169,216,cached_path_to_final_target
36.0,r01,r01,w,"$1,0,0,0,0,0,0,0,0#",19000,20000,104,31,cached_path_to_final_target
36.0,r02,r02,w,"$1,0,0,0,0,0,0,0,0#",16000,16000,166,194,cached_path_to_final_target
36.0,r03,r03,w,"$1,0,0,0,0,0,0,0,0#",20000,20000,-95,26,cached_path_to_final_target
36.0,r04,r04,w,"$1,0,0,0,0,0,0,0,0#",16000,16000,-169,222,cached_path_to_final_target
36.2,r01,r01,a,"$3,0,0,0,0,0,0,0,0#",18000,20000,107,33,path_to_final_target
36.2,r02,r02,w,"$1,0,0,0,0,0,0,0,0#",16000,16000,166,200,path_to_final_target
36.2,r03,r03,w,"$1,0,0,0,0,0,0,0,0#",20000,19000,-98,28,path_to_final_target
36.2,r04,r04,w,"$1,0,0,0,0,0,0,0,0#",16000,16000,-169,228,path_to_final_target
36.4,r01,r01,a,"$3,0,0,0,0,0,0,0,0#",18000,20000,109,34,cached_path_to_final_target
36.4,r02,r02,w,"$1,0,0,0,0,0,0,0,0#",16000,16000,166,206,cached_path_to_final_target
36.4,r03,r03,d,"$4,0,0,0,0,0,0,0,0#",20000,18000,-100,31,cached_path_to_final_target
36.4,r04,r04,w,"$1,0,0,0,0,0,0,0,0#",16000,16000,-169,234,cached_path_to_final_target
36.6,r01,r01,a,"$3,0,0,0,0,0,0,0,0#",18000,20000,110,35,cached_path_to_final_target
36.6,r02,r02,w,"$1,0,0,0,0,0,0,0,0#",16000,16000,167,213,cached_path_to_final_target
36.6,r03,r03,d,"$4,0,0,0,0,0,0,0,0#",20000,18000,-102,34,cached_path_to_final_target
36.6,r04,r04,w,"$1,0,0,0,0,0,0,0,0#",16000,16000,-170,241,cached_path_to_final_target
36.8,r01,r01,a,"$3,0,0,0,0,0,0,0,0#",18000,20000,112,36,cached_path_to_final_target
36.8,r02,r02,w,"$1,0,0,0,0,0,0,0,0#",16000,16000,167,219,cached_path_to_final_target
36.8,r03,r03,d,"$4,0,0,0,0,0,0,0,0#",20000,18000,-104,37,cached_path_to_final_target
36.8,r04,r04,w,"$1,0,0,0,0,0,0,0,0#",16000,16000,-170,247,cached_path_to_final_target
37.0,r01,r01,a,"$3,0,0,0,0,0,0,0,0#",18000,20000,113,36,path_to_final_target
37.0,r02,r02,w,"$1,0,0,0,0,0,0,0,0#",16000,16000,167,225,path_to_final_target
37.0,r03,r03,d,"$4,0,0,0,0,0,0,0,0#",20000,18000,-105,40,path_to_final_target
37.0,r04,r04,w,"$1,0,0,0,0,0,0,0,0#",16000,16000,-170,253,path_to_final_target
37.2,r01,r01,a,"$3,0,0,0,0,0,0,0,0#",18000,20000,115,38,cached_path_to_final_target
37.2,r02,r02,w,"$1,0,0,0,0,0,0,0,0#",16000,16000,168,231,cached_path_to_final_target
37.2,r03,r03,d,"$4,0,0,0,0,0,0,0,0#",20000,18000,-107,41,cached_path_to_final_target
37.2,r04,r04,w,"$1,0,0,0,0,0,0,0,0#",16000,16000,-170,259,cached_path_to_final_target
37.4,r01,r01,w,"$1,0,0,0,0,0,0,0,0#",19000,20000,116,40,cached_path_to_final_target
37.4,r02,r02,w,"$1,0,0,0,0,0,0,0,0#",16000,16000,168,237,cached_path_to_final_target
37.4,r03,r03,d,"$4,0,0,0,0,0,0,0,0#",20000,18000,-108,43,cached_path_to_final_target
37.4,r04,r04,w,"$1,0,0,0,0,0,0,0,0#",16000,16000,-170,265,cached_path_to_final_target
37.6,r01,r01,w,"$1,0,0,0,0,0,0,0,0#",19000,20000,117,42,cached_path_to_final_target
37.6,r02,r02,w,"$1,0,0,0,0,0,0,0,0#",16000,16000,168,243,cached_path_to_final_target
37.6,r03,r03,d,"$4,0,0,0,0,0,0,0,0#",20000,18000,-110,43,cached_path_to_final_target
37.6,r04,r04,w,"$1,0,0,0,0,0,0,0,0#",16000,16000,-171,272,cached_path_to_final_target
37.8,r01,r01,w,"$1,0,0,0,0,0,0,0,0#",19000,20000,119,45,path_to_final_target
37.8,r02,r02,w,"$1,0,0,0,0,0,0,0,0#",16000,16000,168,250,path_to_final_target
37.8,r03,r03,d,"$4,0,0,0,0,0,0,0,0#",20000,18000,-111,44,path_to_final_target
37.8,r04,r04,w,"$1,0,0,0,0,0,0,0,0#",16000,16000,-171,278,path_to_final_target
38.0,r01,r01,w,"$1,0,0,0,0,0,0,0,0#",19000,20000,120,49,cached_path_to_final_target
38.0,r02,r02,w,"$1,0,0,0,0,0,0,0,0#",16000,16000,169,256,cached_path_to_final_target
38.0,r03,r03,w,"$1,0,0,0,0,0,0,0,0#",20000,19000,-112,45,cached_path_to_final_target
38.0,r04,r04,w,"$1,0,0,0,0,0,0,0,0#",16000,16000,-171,284,cached_path_to_final_target
38.2,r01,r01,w,"$1,0,0,0,0,0,0,0,0#",19000,20000,121,53,cached_path_to_final_target
38.2,r02,r02,w,"$1,0,0,0,0,0,0,0,0#",16000,16000,169,262,cached_path_to_final_target
38.2,r03,r03,w,"$1,0,0,0,0,0,0,0,0#",20000,19000,-113,46,cached_path_to_final_target
38.2,r04,r04,w,"$1,0,0,0,0,0,0,0,0#",16000,16000,-171,290,cached_path_to_final_target
38.4,r01,r01,w,"$1,0,0,0,0,0,0,0,0#",19000,20000,122,57,cached_path_to_final_target
38.4,r02,r02,w,"$1,0,0,0,0,0,0,0,0#",16000,16000,169,268,cached_path_to_final_target
38.4,r03,r03,w,"$1,0,0,0,0,0,0,0,0#",20000,19000,-115,48,cached_path_to_final_target
38.4,r04,r04,w,"$1,0,0,0,0,0,0,0,0#",16000,16000,-171,297,cached_path_to_final_target
38.6,r01,r01,w,"$1,0,0,0,0,0,0,0,0#",19000,20000,123,62,path_to_final_target
38.6,r02,r02,w,"$1,0,0,0,0,0,0,0,0#",16000,16000,169,274,path_to_final_target
38.6,r03,r03,w,"$1,0,0,0,0,0,0,0,0#",20000,19000,-116,50,path_to_final_target
38.6,r04,r04,w,"$1,0,0,0,0,0,0,0,0#",16000,16000,-171,303,path_to_final_target
38.8,r01,r01,w,"$1,0,0,0,0,0,0,0,0#",19000,20000,124,66,cached_path_to_final_target
38.8,r02,r02,w,"$1,0,0,0,0,0,0,0,0#",16000,16000,170,281,cached_path_to_final_target
38.8,r03,r03,w,"$1,0,0,0,0,0,0,0,0#",20000,19000,-117,53,cached_path_to_final_target
38.8,r04,r04,w,"$1,0,0,0,0,0,0,0,0#",16000,16000,-172,309,cached_path_to_final_target
39.0,r01,r01,w,"$1,0,0,0,0,0,0,0,0#",19000,20000,125,71,cached_path_to_final_target
39.0,r02,r02,w,"$1,0,0,0,0,0,0,0,0#",16000,16000,170,287,cached_path_to_final_target
39.0,r03,r03,w,"$1,0,0,0,0,0,0,0,0#",20000,19000,-118,57,cached_path_to_final_target
39.0,r04,r04,w,"$1,0,0,0,0,0,0,0,0#",16000,16000,-172,315,cached_path_to_final_target
39.2,r01,r01,w,"$1,0,0,0,0,0,0,0,0#",19000,20000,126,76,cached_path_to_final_target
39.2,r02,r02,w,"$1,0,0,0,0,0,0,0,0#",16000,16000,170,293,cached_path_to_final_target
39.2,r03,r03,w,"$1,0,0,0,0,0,0,0,0#",20000,19000,-119,60,cached_path_to_final_target
39.2,r04,r04,w,"$1,0,0,0,0,0,0,0,0#",16000,16000,-172,321,cached_path_to_final_target
39.4,r01,r01,d,"$4,0,0,0,0,0,0,0,0#",18000,10000,138,81,path_to_final_target
39.4,r02,r02,w,"$1,0,0,0,0,0,0,0,0#",16000,16000,170,299,path_to_final_target
39.4,r03,r03,w,"$1,0,0,0,0,0,0,0,0#",20000,19000,-120,64,path_to_final_target
39.4,r04,r04,w,"$1,0,0,0,0,0,0,0,0#",16000,16000,-172,328,path_to_final_target
39.6,r01,r01,d,"$4,0,0,0,0,0,0,0,0#",20000,11000,151,86,cached_path_to_final_target
39.6,r02,r02,w,"$1,0,0,0,0,0,0,0,0#",16000,16000,170,305,cached_path_to_final_target
39.6,r03,r03,w,"$1,0,0,0,0,0,0,0,0#",20000,19000,-121,68,cached_path_to_final_target
39.6,r04,r04,w,"$1,0,0,0,0,0,0,0,0#",16000,16000,-172,334,cached_path_to_final_target
39.8,r01,r01,d,"$4,0,0,0,0,0,0,0,0#",18000,14000,157,92,cached_path_to_final_target
39.8,r02,r02,w,"$1,0,0,0,0,0,0,0,0#",16000,16000,170,312,cached_path_to_final_target
39.8,r03,r03,w,"$1,0,0,0,0,0,0,0,0#",20000,19000,-122,73,cached_path_to_final_target
39.8,r04,r04,w,"$1,0,0,0,0,0,0,0,0#",16000,16000,-172,340,cached_path_to_final_target
40.0,r01,r01,w,"$1,0,0,0,0,0,0,0,0#",17000,16000,160,98,cached_path_to_final_target
40.0,r02,r02,w,"$1,0,0,0,0,0,0,0,0#",16000,16000,171,318,cached_path_to_final_target
40.0,r03,r03,w,"$1,0,0,0,0,0,0,0,0#",20000,19000,-123,77,cached_path_to_final_target
40.0,r04,r04,w,"$1,0,0,0,0,0,0,0,0#",16000,16000,-172,346,cached_path_to_final_target
40.2,r01,r01,w,"$1,0,0,0,0,0,0,0,0#",17000,16000,162,104,path_to_final_target
40.2,r02,r02,w,"$1,0,0,0,0,0,0,0,0#",16000,16000,171,324,path_to_final_target
40.2,r03,r03,w,"$1,0,0,0,0,0,0,0,0#",20000,19000,-124,82,path_to_final_target
40.2,r04,r04,w,"$1,0,0,0,0,0,0,0,0#",16000,16000,-173,352,path_to_final_target
40.4,r01,r01,w,"$1,0,0,0,0,0,0,0,0#",17000,16000,163,111,cached_path_to_final_target
40.4,r02,r02,w,"$1,0,0,0,0,0,0,0,0#",16000,16000,171,330,cached_path_to_final_target
40.4,r03,r03,a,"$3,0,0,0,0,0,0,0,0#",11000,18000,-137,87,cached_path_to_final_target
40.4,r04,r04,w,"$1,0,0,0,0,0,0,0,0#",16000,16000,-173,359,cached_path_to_final_target
40.6,r01,r01,w,"$1,0,0,0,0,0,0,0,0#",16000,16000,164,117,cached_path_to_final_target
40.6,r02,r02,w,"$1,0,0,0,0,0,0,0,0#",16000,16000,171,336,cached_path_to_final_target
40.6,r03,r03,a,"$3,0,0,0,0,0,0,0,0#",12000,19000,-148,92,cached_path_to_final_target
40.6,r04,r04,w,"$1,0,0,0,0,0,0,0,0#",16000,16000,-173,365,cached_path_to_final_target
40.8,r01,r01,w,"$1,0,0,0,0,0,0,0,0#",16000,16000,164,123,cached_path_to_final_target
40.8,r02,r02,w,"$1,0,0,0,0,0,0,0,0#",16000,16000,171,343,cached_path_to_final_target
40.8,r03,r03,a,"$3,0,0,0,0,0,0,0,0#",15000,18000,-153,98,cached_path_to_final_target
40.8,r04,r04,w,"$1,0,0,0,0,0,0,0,0#",16000,16000,-173,371,cached_path_to_final_target
41.0,r01,r01,w,"$1,0,0,0,0,0,0,0,0#",16000,16000,165,129,path_to_final_target
41.0,r02,r02,w,"$1,0,0,0,0,0,0,0,0#",16000,16000,171,349,path_to_final_target
41.0,r03,r03,w,"$1,0,0,0,0,0,0,0,0#",16000,17000,-156,104,path_to_final_target
41.0,r04,r04,w,"$1,0,0,0,0,0,0,0,0#",16000,16000,-173,377,path_to_final_target
41.2,r01,r01,w,"$1,0,0,0,0,0,0,0,0#",16000,16000,166,135,cached_path_to_final_target
41.2,r02,r02,w,"$1,0,0,0,0,0,0,0,0#",16000,16000,172,355,cached_path_to_final_target
41.2,r03,r03,w,"$1,0,0,0,0,0,0,0,0#",16000,17000,-157,110,cached_path_to_final_target
41.2,r04,r04,w,"$1,0,0,0,0,0,0,0,0#",16000,16000,-173,384,cached_path_to_final_target
41.4,r01,r01,w,"$1,0,0,0,0,0,0,0,0#",16000,16000,166,141,cached_path_to_final_target
41.4,r02,r02,w,"$1,0,0,0,0,0,0,0,0#",16000,16000,172,361,cached_path_to_final_target
41.4,r03,r03,w,"$1,0,0,0,0,0,0,0,0#",16000,16000,-159,116,cached_path_to_final_target
41.4,r04,r04,w,"$1,0,0,0,0,0,0,0,0#",16000,16000,-173,390,cached_path_to_final_target
41.6,r01,r01,w,"$1,0,0,0,0,0,0,0,0#",16000,16000,167,148,cached_path_to_final_target
41.6,r02,r02,w,"$1,0,0,0,0,0,0,0,0#",16000,16000,172,367,cached_path_to_final_target
41.6,r03,r03,w,"$1,0,0,0,0,0,0,0,0#",16000,16000,-160,122,cached_path_to_final_target
41.6,r04,r04,w,"$1,0,0,0,0,0,0,0,0#",16000,16000,-173,396,cached_path_to_final_target
41.8,r01,r01,w,"$1,0,0,0,0,0,0,0,0#",16000,16000,167,154,path_to_final_target
41.8,r02,r02,w,"$1,0,0,0,0,0,0,0,0#",16000,16000,172,374,path_to_final_target
41.8,r03,r03,w,"$1,0,0,0,0,0,0,0,0#",16000,16000,-160,128,path_to_final_target
41.8,r04,r04,w,"$1,0,0,0,0,0,0,0,0#",16000,16000,-173,402,path_to_final_target
42.0,r01,r01,w,"$1,0,0,0,0,0,0,0,0#",16000,16000,167,160,cached_path_to_final_target
42.0,r02,r02,w,"$1,0,0,0,0,0,0,0,0#",16000,16000,172,380,cached_path_to_final_target
42.0,r03,r03,w,"$1,0,0,0,0,0,0,0,0#",16000,16000,-161,134,cached_path_to_final_target
42.0,r04,r04,w,"$1,0,0,0,0,0,0,0,0#",16000,16000,-174,408,cached_path_to_final_target
42.2,r01,r01,w,"$1,0,0,0,0,0,0,0,0#",16000,16000,168,166,cached_path_to_final_target
42.2,r02,r02,w,"$1,0,0,0,0,0,0,0,0#",16000,16000,172,386,cached_path_to_final_target
42.2,r03,r03,w,"$1,0,0,0,0,0,0,0,0#",16000,16000,-162,140,cached_path_to_final_target
42.2,r04,r04,w,"$1,0,0,0,0,0,0,0,0#",16000,16000,0,-1,cached_path_to_final_target
42.4,r01,r01,w,"$1,0,0,0,0,0,0,0,0#",16000,16000,168,172,cached_path_to_final_target
42.4,r02,r02,w,"$1,0,0,0,0,0,0,0,0#",16000,16000,172,392,cached_path_to_final_target
42.4,r03,r03,w,"$1,0,0,0,0,0,0,0,0#",16000,16000,-162,146,cached_path_to_final_target
42.4,r04,r04,w,"$1,0,0,0,0,0,0,0,0#",16000,16000,0,-1,cached_path_to_final_target
42.6,r01,r01,w,"$1,0,0,0,0,0,0,0,0#",20000,20000,169,180,path_to_final_target
42.6,r02,r02,w,"$1,0,0,0,0,0,0,0,0#",20000,20000,172,400,path_to_final_target
42.6,r03,r03,w,"$1,0,0,0,0,0,0,0,0#",20000,20000,-163,153,path_to_final_target
42.6,r04,r04,w,"$1,0,0,0,0,0,0,0,0#",20000,20000,0,-1,path_to_final_target
42.8,r01,r01,w,"$1,0,0,0,0,0,0,0,0#",20000,20000,169,188,cached_path_to_final_target
42.8,r02,r02,w,"$1,0,0,0,0,0,0,0,0#",20000,20000,173,407,cached_path_to_final_target
42.8,r03,r03,w,"$1,0,0,0,0,0,0,0,0#",20000,20000,-164,161,cached_path_to_final_target
42.8,r04,r04,w,"$1,0,0,0,0,0,0,0,0#",18000,18000,0,-1,cached_path_to_final_target
43.0,r01,r01,w,"$1,0,0,0,0,0,0,0,0#",20000,20000,169,195,cached_path_to_final_target
43.0,r02,r02,w,"$1,0,0,0,0,0,0,0,0#",20000,20000,0,-1,cached_path_to_final_target
43.0,r03,r03,w,"$1,0,0,0,0,0,0,0,0#",20000,20000,-164,168,cached_path_to_final_target
43.0,r04,r04,w,"$1,0,0,0,0,0,0,0,0#",17000,17000,0,-1,cached_path_to_final_target
43.2,r01,r01,w,"$1,0,0,0,0,0,0,0,0#",20000,20000,170,203,cached_path_to_final_target
43.2,r02,r02,w,"$1,0,0,0,0,0,0,0,0#",20000,20000,0,-1,cached_path_to_final_target
43.2,r03,r03,w,"$1,0,0,0,0,0,0,0,0#",20000,20000,-165,176,cached_path_to_final_target
43.2,r04,r04,w,"$1,0,0,0,0,0,0,0,0#",11000,11000,0,-1,target_reached
43.4,r01,r01,w,"$1,0,0,0,0,0,0,0,0#",20000,20000,170,210,path_to_final_target
43.4,r02,r02,w,"$1,0,0,0,0,0,0,0,0#",20000,20000,0,-1,path_to_final_target
43.4,r03,r03,w,"$1,0,0,0,0,0,0,0,0#",20000,20000,-165,183,path_to_final_target
43.4,r04,r04,w,"$1,0,0,0,0,0,0,0,0#",5000,5000,0,-1,target_reached
43.6,r01,r01,w,"$1,0,0,0,0,0,0,0,0#",20000,20000,170,218,cached_path_to_final_target
43.6,r02,r02,w,"$1,0,0,0,0,0,0,0,0#",18000,18000,0,-1,cached_path_to_final_target
43.6,r03,r03,w,"$1,0,0,0,0,0,0,0,0#",20000,20000,-166,191,cached_path_to_final_target
43.6,r04,r04,e,"$0,0,0,0,0,0,0,0,0#",0,0,0,-1,target_reached
43.8,r01,r01,w,"$1,0,0,0,0,0,0,0,0#",20000,20000,171,225,cached_path_to_final_target
43.8,r02,r02,w,"$1,0,0,0,0,0,0,0,0#",16000,16000,0,-1,cached_path_to_final_target
43.8,r03,r03,w,"$1,0,0,0,0,0,0,0,0#",20000,20000,-166,198,cached_path_to_final_target
43.8,r04,r04,e,"$0,0,0,0,0,0,0,0,0#",0,0,0,-1,target_reached
44.0,r01,r01,w,"$1,0,0,0,0,0,0,0,0#",20000,20000,171,233,cached_path_to_final_target
44.0,r02,r02,w,"$1,0,0,0,0,0,0,0,0#",10000,10000,0,-1,target_reached
44.0,r03,r03,w,"$1,0,0,0,0,0,0,0,0#",20000,20000,-167,206,cached_path_to_final_target
44.0,r04,r04,e,"$0,0,0,0,0,0,0,0,0#",0,0,0,-1,target_reached
44.2,r01,r01,w,"$1,0,0,0,0,0,0,0,0#",20000,20000,171,241,path_to_final_target
44.2,r02,r02,w,"$1,0,0,0,0,0,0,0,0#",5000,5000,0,-1,target_reached
44.2,r03,r03,w,"$1,0,0,0,0,0,0,0,0#",20000,20000,-167,213,path_to_final_target
44.2,r04,r04,e,"$0,0,0,0,0,0,0,0,0#",0,0,0,-1,target_reached
44.4,r01,r01,w,"$1,0,0,0,0,0,0,0,0#",20000,20000,171,248,cached_path_to_final_target
44.4,r02,r02,e,"$0,0,0,0,0,0,0,0,0#",0,0,0,-1,target_reached
44.4,r03,r03,w,"$1,0,0,0,0,0,0,0,0#",20000,20000,-168,221,cached_path_to_final_target
44.4,r04,r04,e,"$0,0,0,0,0,0,0,0,0#",0,0,0,-1,target_reached
44.6,r01,r01,w,"$1,0,0,0,0,0,0,0,0#",20000,20000,172,256,cached_path_to_final_target
44.6,r02,r02,e,"$0,0,0,0,0,0,0,0,0#",0,0,0,-1,target_reached
44.6,r03,r03,w,"$1,0,0,0,0,0,0,0,0#",20000,20000,-168,229,cached_path_to_final_target
44.6,r04,r04,e,"$0,0,0,0,0,0,0,0,0#",0,0,0,-1,target_reached
44.8,r01,r01,w,"$1,0,0,0,0,0,0,0,0#",20000,20000,172,263,cached_path_to_final_target
44.8,r02,r02,e,"$0,0,0,0,0,0,0,0,0#",0,0,0,-1,target_reached
44.8,r03,r03,w,"$1,0,0,0,0,0,0,0,0#",20000,20000,-168,236,cached_path_to_final_target
44.8,r04,r04,e,"$0,0,0,0,0,0,0,0,0#",0,0,0,-1,target_reached
45.0,r01,r01,w,"$1,0,0,0,0,0,0,0,0#",20000,20000,172,271,path_to_final_target
45.0,r02,r02,e,"$0,0,0,0,0,0,0,0,0#",0,0,0,-1,target_reached
45.0,r03,r03,w,"$1,0,0,0,0,0,0,0,0#",20000,20000,-169,244,path_to_final_target
45.0,r04,r04,e,"$0,0,0,0,0,0,0,0,0#",0,0,0,-1,target_reached
45.2,r01,r01,w,"$1,0,0,0,0,0,0,0,0#",20000,20000,172,278,cached_path_to_final_target
45.2,r02,r02,e,"$0,0,0,0,0,0,0,0,0#",0,0,0,-1,target_reached
45.2,r03,r03,w,"$1,0,0,0,0,0,0,0,0#",20000,20000,-169,251,cached_path_to_final_target
45.2,r04,r04,e,"$0,0,0,0,0,0,0,0,0#",0,0,0,-1,target_reached
45.4,r01,r01,w,"$1,0,0,0,0,0,0,0,0#",20000,20000,172,286,cached_path_to_final_target
45.4,r02,r02,e,"$0,0,0,0,0,0,0,0,0#",0,0,0,-1,target_reached
45.4,r03,r03,w,"$1,0,0,0,0,0,0,0,0#",20000,20000,-169,259,cached_path_to_final_target
45.4,r04,r04,e,"$0,0,0,0,0,0,0,0,0#",0,0,0,-1,target_reached
45.6,r01,r01,w,"$1,0,0,0,0,0,0,0,0#",20000,20000,173,294,cached_path_to_final_target
45.6,r02,r02,e,"$0,0,0,0,0,0,0,0,0#",0,0,0,-1,target_reached
45.6,r03,r03,w,"$1,0,0,0,0,0,0,0,0#",20000,20000,-169,266,cached_path_to_final_target
45.6,r04,r04,e,"$0,0,0,0,0,0,0,0,0#",0,0,0,-1,target_reached
45.8,r01,r01,w,"$1,0,0,0,0,0,0,0,0#",20000,20000,173,301,path_to_final_target
45.8,r02,r02,e,"$0,0,0,0,0,0,0,0,0#",0,0,0,-1,target_reached
45.8,r03,r03,w,"$1,0,0,0,0,0,0,0,0#",20000,20000,-170,274,path_to_final_target
45.8,r04,r04,e,"$0,0,0,0,0,0,0,0,0#",0,0,0,-1,target_reached
46.0,r01,r01,w,"$1,0,0,0,0,0,0,0,0#",20000,20000,173,309,cached_path_to_final_target
46.0,r02,r02,e,"$0,0,0,0,0,0,0,0,0#",0,0,0,-1,target_reached
46.0,r03,r03,w,"$1,0,0,0,0,0,0,0,0#",20000,20000,-170,281,cached_path_to_final_target
46.0,r04,r04,e,"$0,0,0,0,0,0,0,0,0#",0,0,0,-1,target_reached
46.2,r01,r01,w,"$1,0,0,0,0,0,0,0,0#",20000,20000,173,316,cached_path_to_final_target
46.2,r02,r02,e,"$0,0,0,0,0,0,0,0,0#",0,0,0,-1,target_reached
46.2,r03,r03,w,"$1,0,0,0,0,0,0,0,0#",20000,20000,-170,289,cached_path_to_final_target
46.2,r04,r04,e,"$0,0,0,0,0,0,0,0,0#",0,0,0,-1,target_reached
46.4,r01,r01,w,"$1,0,0,0,0,0,0,0,0#",20000,20000,173,324,cached_path_to_final_target
46.4,r02,r02,e,"$0,0,0,0,0,0,0,0,0#",0,0,0,-1,target_reached
46.4,r03,r03,w,"$1,0,0,0,0,0,0,0,0#",20000,20000,-170,296,cached_path_to_final_target
46.4,r04,r04,e,"$0,0,0,0,0,0,0,0,0#",0,0,0,-1,target_reached
46.6,r01,r01,w,"$1,0,0,0,0,0,0,0,0#",20000,20000,173,332,path_to_final_target
46.6,r02,r02,e,"$0,0,0,0,0,0,0,0,0#",0,0,0,-1,target_reached
46.6,r03,r03,w,"$1,0,0,0,0,0,0,0,0#",20000,20000,-171,304,path_to_final_target
46.6,r04,r04,e,"$0,0,0,0,0,0,0,0,0#",0,0,0,-1,target_reached
46.8,r01,r01,w,"$1,0,0,0,0,0,0,0,0#",20000,20000,173,339,cached_path_to_final_target
46.8,r02,r02,e,"$0,0,0,0,0,0,0,0,0#",0,0,0,-1,target_reached
46.8,r03,r03,w,"$1,0,0,0,0,0,0,0,0#",20000,20000,-171,312,cached_path_to_final_target
46.8,r04,r04,e,"$0,0,0,0,0,0,0,0,0#",0,0,0,-1,target_reached
47.0,r01,r01,w,"$1,0,0,0,0,0,0,0,0#",20000,20000,174,347,cached_path_to_final_target
47.0,r02,r02,e,"$0,0,0,0,0,0,0,0,0#",0,0,0,-1,target_reached
47.0,r03,r03,w,"$1,0,0,0,0,0,0,0,0#",20000,20000,-171,319,cached_path_to_final_target
47.0,r04,r04,e,"$0,0,0,0,0,0,0,0,0#",0,0,0,-1,target_reached
47.2,r01,r01,w,"$1,0,0,0,0,0,0,0,0#",20000,20000,174,354,cached_path_to_final_target
47.2,r02,r02,e,"$0,0,0,0,0,0,0,0,0#",0,0,0,-1,target_reached
47.2,r03,r03,w,"$1,0,0,0,0,0,0,0,0#",20000,20000,-171,327,cached_path_to_final_target
47.2,r04,r04,e,"$0,0,0,0,0,0,0,0,0#",0,0,0,-1,target_reached
47.4,r01,r01,w,"$1,0,0,0,0,0,0,0,0#",20000,20000,174,362,path_to_final_target
47.4,r02,r02,e,"$0,0,0,0,0,0,0,0,0#",0,0,0,-1,target_reached
47.4,r03,r03,w,"$1,0,0,0,0,0,0,0,0#",20000,20000,-171,334,path_to_final_target
47.4,r04,r04,e,"$0,0,0,0,0,0,0,0,0#",0,0,0,-1,target_reached
47.6,r01,r01,w,"$1,0,0,0,0,0,0,0,0#",20000,20000,174,370,cached_path_to_final_target
47.6,r02,r02,e,"$0,0,0,0,0,0,0,0,0#",0,0,0,-1,target_reached
47.6,r03,r03,w,"$1,0,0,0,0,0,0,0,0#",20000,20000,-172,342,cached_path_to_final_target
47.6,r04,r04,e,"$0,0,0,0,0,0,0,0,0#",0,0,0,-1,target_reached
47.8,r01,r01,w,"$1,0,0,0,0,0,0,0,0#",20000,20000,174,377,cached_path_to_final_target
47.8,r02,r02,e,"$0,0,0,0,0,0,0,0,0#",0,0,0,-1,target_reached
47.8,r03,r03,w,"$1,0,0,0,0,0,0,0,0#",20000,20000,-172,349,cached_path_to_final_target
47.8,r04,r04,e,"$0,0,0,0,0,0,0,0,0#",0,0,0,-1,target_reached
48.0,r01,r01,w,"$1,0,0,0,0,0,0,0,0#",20000,20000,174,385,cached_path_to_final_target
48.0,r02,r02,e,"$0,0,0,0,0,0,0,0,0#",0,0,0,-1,target_reached
48.0,r03,r03,w,"$1,0,0,0,0,0,0,0,0#",20000,20000,-172,357,cached_path_to_final_target
48.0,r04,r04,e,"$0,0,0,0,0,0,0,0,0#",0,0,0,-1,target_reached
48.2,r01,r01,w,"$1,0,0,0,0,0,0,0,0#",14000,14000,174,390,path_to_final_target
48.2,r02,r02,e,"$0,0,0,0,0,0,0,0,0#",0,0,0,-1,target_reached
48.2,r03,r03,w,"$1,0,0,0,0,0,0,0,0#",20000,20000,-172,365,path_to_final_target
48.2,r04,r04,e,"$0,0,0,0,0,0,0,0,0#",0,0,0,-1,target_reached
48.4,r01,r01,w,"$1,0,0,0,0,0,0,0,0#",11000,11000,174,394,cached_path_to_final_target
48.4,r02,r02,e,"$0,0,0,0,0,0,0,0,0#",0,0,0,-1,target_reached
48.4,r03,r03,w,"$1,0,0,0,0,0,0,0,0#",20000,20000,-172,372,cached_path_to_final_target
48.4,r04,r04,e,"$0,0,0,0,0,0,0,0,0#",0,0,0,-1,target_reached
48.6,r01,r01,w,"$1,0,0,0,0,0,0,0,0#",11000,11000,174,398,cached_path_to_final_target
48.6,r02,r02,e,"$0,0,0,0,0,0,0,0,0#",0,0,0,-1,target_reached
48.6,r03,r03,w,"$1,0,0,0,0,0,0,0,0#",20000,20000,-172,380,cached_path_to_final_target
48.6,r04,r04,e,"$0,0,0,0,0,0,0,0,0#",0,0,0,-1,target_reached
48.8,r01,r01,w,"$1,0,0,0,0,0,0,0,0#",5000,5000,174,400,target_reached
48.8,r02,r02,e,"$0,0,0,0,0,0,0,0,0#",0,0,0,-1,target_reached
48.8,r03,r03,w,"$1,0,0,0,0,0,0,0,0#",14000,14000,-172,385,cached_path_to_final_target
48.8,r04,r04,e,"$0,0,0,0,0,0,0,0,0#",0,0,0,-1,target_reached
49.0,r01,r01,e,"$0,0,0,0,0,0,0,0,0#",0,0,174,400,target_reached
49.0,r02,r02,e,"$0,0,0,0,0,0,0,0,0#",0,0,0,-1,target_reached
49.0,r03,r03,w,"$1,0,0,0,0,0,0,0,0#",12000,12000,-172,390,path_to_final_target
49.0,r04,r04,e,"$0,0,0,0,0,0,0,0,0#",0,0,0,-1,target_reached
