ts,t_s,cmd,pwr_left,pwr_right,x_m,y_m,theta_rad,segment
1784462000,0.0,w,789,789,0.0585,-0.0096,-0.1626,0
1784462200,0.2,w,789,789,0.117,-0.0192,-0.1626,0
1784462400,0.4,w,789,789,0.1755,-0.0288,-0.1626,0
1784462600,0.6,w,789,789,0.234,-0.0384,-0.1626,0
1784462800,0.8,w,789,789,0.2924,-0.048,-0.1626,0
1784463000,1.0,w,789,789,0.3509,-0.0576,-0.1626,0
1784463200,1.2,w,789,789,0.4094,-0.0672,-0.1626,0
1784463400,1.4,w,789,789,0.4679,-0.0768,-0.1626,0
1784463600,1.6,w,789,789,0.5264,-0.0864,-0.1626,0
1784463800,1.8,w,789,789,0.5849,-0.096,-0.1626,0
1784464000,2.0,w,789,789,0.6434,-0.1056,-0.1626,0
1784464200,2.2,w,789,789,0.7019,-0.1152,-0.1626,0
1784464400,2.4,w,789,789,0.7604,-0.1247,-0.1626,0
1784464600,2.6,w,789,789,0.8188,-0.1343,-0.1626,0
1784464800,2.8,w,789,789,0.8773,-0.1439,-0.1626,0
1784465000,3.0,w,789,789,0.9358,-0.1535,-0.1626,0
1784465200,3.2,w,789,789,0.9943,-0.1631,-0.1626,0
1784465400,3.4,w,789,789,1.0528,-0.1727,-0.1626,0
1784465600,3.6,w,789,789,1.1113,-0.1823,-0.1626,0
1784465800,3.8,w,789,789,1.1698,-0.1919,-0.1626,0
1784466000,4.0,w,789,789,1.2283,-0.2015,-0.1626,0
1784466200,4.2,w,789,789,1.2868,-0.2111,-0.1626,0
1784466400,4.4,w,789,789,1.3452,-0.2207,-0.1626,0
1784466600,4.6,w,789,789,1.4037,-0.2303,-0.1626,0
1784466800,4.8,w,789,789,1.4622,-0.2399,-0.1626,0
1784467000,5.0,w,789,789,1.5207,-0.2495,-0.1626,0
1784467200,5.2,w,789,789,1.5792,-0.2591,-0.1626,0
1784467400,5.4,w,789,789,1.6377,-0.2687,-0.1626,0
1784467600,5.6,w,789,789,1.6962,-0.2783,-0.1626,0
1784467800,5.8,w,789,789,1.7547,-0.2879,-0.1626,0
1784468000,6.0,w,789,789,1.8132,-0.2975,-0.1626,0
1784468200,6.2,w,789,789,1.8716,-0.3071,-0.1626,0
1784468400,6.4,w,789,789,1.9301,-0.3167,-0.1626,0
1784468600,6.6,w,789,789,1.9886,-0.3263,-0.1626,0
1784468800,6.8,w,789,789,2.0471,-0.3359,-0.1626,0
1784469000,7.0,w,789,789,2.1056,-0.3455,-0.1626,0
1784469200,7.2,w,789,789,2.1641,-0.3551,-0.1626,0
1784469400,7.4,w,789,789,2.2226,-0.3647,-0.1626,0
1784469600,7.6,w,789,789,2.2811,-0.3742,-0.1626,0
1784469800,7.8,w,789,789,2.3396,-0.3838,-0.1626,0
1784470000,8.0,w,789,789,2.398,-0.3934,-0.1626,0
1784470200,8.2,w,789,789,2.4565,-0.403,-0.1626,0
1784470400,8.4,w,789,789,2.515,-0.4126,-0.1626,0
1784470600,8.6,w,789,789,2.5735,-0.4222,-0.1626,0
1784470800,8.8,w,789,789,2.632,-0.4318,-0.1626,0
1784471000,9.0,w,789,789,2.6905,-0.4414,-0.1626,0
1784471200,9.2,w,789,789,2.749,-0.451,-0.1626,0
1784471400,9.4,w,789,789,2.8054,-0.451,0.0,1
1784471600,9.6,w,789,789,2.8617,-0.451,0.0,1
1784471800,9.8,w,789,789,2.9181,-0.451,0.0,1
1784472000,10.0,w,789,789,2.9745,-0.451,0.0,1
1784472200,10.2,w,789,789,3.0309,-0.451,0.0,1
1784472400,10.4,w,789,789,3.0872,-0.451,0.0,1
1784472600,10.6,w,789,789,3.1436,-0.451,0.0,1
1784472800,10.8,w,789,789,3.2,-0.451,0.0,1
1784473000,11.0,w,789,789,3.2564,-0.451,0.0,1
1784473200,11.2,w,789,789,3.3128,-0.451,0.0,1
1784473400,11.4,w,789,789,3.3691,-0.451,0.0,1
1784473600,11.6,w,789,789,3.4255,-0.451,0.0,1
1784473800,11.8,w,789,789,3.4819,-0.451,0.0,1
1784474000,12.0,w,789,789,3.5383,-0.451,0.0,1
1784474200,12.2,w,789,789,3.5946,-0.451,0.0,1
1784474400,12.4,w,789,789,3.651,-0.451,0.0,1
1784474600,12.6,w,789,789,3.7099,-0.4446,0.109,2
1784474800,12.8,w,789,789,3.7689,-0.4381,0.109,2
1784475000,13.0,w,789,789,3.8278,-0.4317,0.109,2
1784475200,13.2,w,789,789,3.8867,-0.4252,0.109,2
1784475400,13.4,w,789,789,3.9456,-0.4188,0.109,2
1784475600,13.6,w,789,789,4.0046,-0.4123,0.109,2
1784475800,13.8,w,789,789,4.0635,-0.4059,0.109,2
1784476000,14.0,w,789,789,4.1224,-0.3994,0.109,2
1784476200,14.2,w,789,789,4.1813,-0.393,0.109,2
1784476400,14.4,w,789,789,4.2403,-0.3865,0.109,2
1784476600,14.6,w,789,789,4.2992,-0.3801,0.109,2
1784476800,14.8,w,789,789,4.3581,-0.3736,0.109,2
1784477000,15.0,w,789,789,4.417,-0.3672,0.109,2
1784477200,15.2,w,789,789,4.476,-0.3607,0.109,2
1784477400,15.4,w,789,789,4.5349,-0.3543,0.109,2
1784477600,15.6,w,789,789,4.5938,-0.3478,0.109,2
1784477800,15.8,w,789,789,4.6527,-0.3414,0.109,2
1784478000,16.0,w,789,789,4.7117,-0.3349,0.109,2
1784478200,16.2,w,789,789,4.7706,-0.3285,0.109,2
1784478400,16.4,w,789,789,4.8295,-0.3221,0.109,2
1784478600,16.6,w,789,789,4.8884,-0.3156,0.109,2
1784478800,16.8,w,789,789,4.9474,-0.3092,0.109,2
1784479000,17.0,w,789,789,5.0063,-0.3027,0.109,2
1784479200,17.2,w,789,789,5.0652,-0.2963,0.109,2
1784479400,17.4,w,789,789,5.1241,-0.2898,0.109,2
1784479600,17.6,w,789,789,5.1831,-0.2834,0.109,2
1784479800,17.8,w,789,789,5.242,-0.2769,0.109,2
1784480000,18.0,w,789,789,5.3009,-0.2705,0.109,2
1784480200,18.2,w,789,789,5.3598,-0.264,0.109,2
1784480400,18.4,w,789,789,5.4188,-0.2576,0.109,2
1784480600,18.6,w,789,789,5.4777,-0.2511,0.109,2
1784480800,18.8,w,789,789,5.5366,-0.2447,0.109,2
1784481000,19.0,w,789,789,5.5955,-0.2382,0.109,2
1784481200,19.2,w,789,789,5.6545,-0.2318,0.109,2
1784481400,19.4,w,789,789,5.7134,-0.2253,0.109,2
1784481600,19.6,w,789,789,5.7723,-0.2189,0.109,2
1784481800,19.8,w,789,789,5.8312,-0.2124,0.109,2
1784482000,20.0,w,789,789,5.8902,-0.206,0.109,2
1784482200,20.2,w,789,789,5.9491,-0.1995,0.109,2
1784482400,20.4,w,789,789,6.008,-0.1931,0.109,2
1784482600,20.6,w,789,789,6.0669,-0.1866,0.109,2
1784482800,20.8,w,789,789,6.1259,-0.1802,0.109,2
1784483000,21.0,w,789,789,6.1848,-0.1737,0.109,2
1784483200,21.2,w,789,789,6.2437,-0.1673,0.109,2
1784483400,21.4,w,789,789,6.3026,-0.1608,0.109,2
1784483600,21.6,w,789,789,6.3616,-0.1544,0.109,2
1784483800,21.8,w,789,789,6.4205,-0.1479,0.109,2
1784484000,22.0,w,789,789,6.4794,-0.1415,0.109,2
1784484200,22.2,w,789,789,6.5383,-0.1351,0.109,2
1784484400,22.4,w,789,789,6.5973,-0.1286,0.109,2
1784484600,22.6,w,789,789,6.6562,-0.1222,0.109,2
1784484800,22.8,w,789,789,6.7151,-0.1157,0.109,2
1784485000,23.0,w,789,789,6.774,-0.1093,0.109,2
1784485200,23.2,w,789,789,6.833,-0.1028,0.109,2
1784485400,23.4,w,789,789,6.8919,-0.0964,0.109,2
1784485600,23.6,w,789,789,6.9508,-0.0899,0.109,2
1784485800,23.8,w,789,789,7.0097,-0.0835,0.109,2
1784486000,24.0,w,789,789,7.0687,-0.077,0.109,2
1784486200,24.2,w,789,789,7.1276,-0.0706,0.109,2
1784486400,24.4,w,789,789,7.1865,-0.0641,0.109,2
1784486600,24.6,w,789,789,7.2454,-0.0577,0.109,2
1784486800,24.8,w,789,789,7.3044,-0.0512,0.109,2
1784487000,25.0,w,789,789,7.3633,-0.0448,0.109,2
1784487200,25.2,w,789,789,7.4222,-0.0383,0.109,2
1784487400,25.4,w,789,789,7.4811,-0.0319,0.109,2
1784487600,25.6,w,789,789,7.5401,-0.0254,0.109,2
1784487800,25.8,w,789,789,7.599,-0.019,0.109,2
1784488000,26.0,w,789,789,7.6585,-0.0187,0.0043,3
1784488200,26.2,w,789,789,7.7179,-0.0185,0.0043,3
1784488400,26.4,w,789,789,7.7774,-0.0182,0.0043,3
1784488600,26.6,w,789,789,7.8369,-0.018,0.0043,3
1784488800,26.8,w,789,789,7.8963,-0.0177,0.0043,3
1784489000,27.0,w,789,789,7.9558,-0.0174,0.0043,3
1784489200,27.2,w,789,789,8.0153,-0.0172,0.0043,3
1784489400,27.4,w,789,789,8.0748,-0.0169,0.0043,3
1784489600,27.6,w,789,789,8.1342,-0.0167,0.0043,3
1784489800,27.8,w,789,789,8.1937,-0.0164,0.0043,3
1784490000,28.0,w,789,789,8.2532,-0.0162,0.0043,3
1784490200,28.2,w,789,789,8.3127,-0.0159,0.0043,3
1784490400,28.4,w,789,789,8.3721,-0.0156,0.0043,3
1784490600,28.6,w,789,789,8.4316,-0.0154,0.0043,3
1784490800,28.8,w,789,789,8.4911,-0.0151,0.0043,3
1784491000,29.0,w,789,789,8.5506,-0.0149,0.0043,3
1784491200,29.2,w,789,789,8.61,-0.0146,0.0043,3
1784491400,29.4,w,789,789,8.6695,-0.0144,0.0043,3
1784491600,29.6,w,789,789,8.729,-0.0141,0.0043,3
1784491800,29.8,w,789,789,8.7884,-0.0139,0.0043,3
1784492000,30.0,w,789,789,8.8479,-0.0136,0.0043,3
1784492200,30.2,w,789,789,8.9074,-0.0133,0.0043,3
1784492400,30.4,w,789,789,8.9669,-0.0131,0.0043,3
1784492600,30.6,w,789,789,9.0263,-0.0128,0.0043,3
1784492800,30.8,w,789,789,9.0858,-0.0126,0.0043,3
1784493000,31.0,w,789,789,9.1453,-0.0123,0.0043,3
1784493200,31.2,w,789,789,9.2048,-0.0121,0.0043,3
1784493400,31.4,w,789,789,9.2642,-0.0118,0.0043,3
1784493600,31.6,w,789,789,9.3237,-0.0115,0.0043,3
1784493800,31.8,w,789,789,9.3832,-0.0113,0.0043,3
1784494000,32.0,w,789,789,9.4427,-0.011,0.0043,3
1784494200,32.2,w,789,789,9.5021,-0.0108,0.0043,3
1784494400,32.4,w,789,789,9.5616,-0.0105,0.0043,3
1784494600,32.6,w,789,789,9.6211,-0.0103,0.0043,3
1784494800,32.8,w,789,789,9.6805,-0.01,0.0043,3
1784495000,33.0,w,789,789,9.74,-0.0097,0.0043,3
1784495200,33.2,w,789,789,9.7995,-0.0095,0.0043,3
1784495400,33.4,w,789,789,9.859,-0.0092,0.0043,3
1784495600,33.6,w,789,789,9.9184,-0.009,0.0043,3
1784495800,33.8,w,789,789,9.9779,-0.0087,0.0043,3
1784496000,34.0,w,789,789,10.0374,-0.0085,0.0043,3
1784496200,34.2,w,789,789,10.0969,-0.0082,0.0043,3
1784496400,34.4,w,789,789,10.1563,-0.008,0.0043,3
1784496600,34.6,w,789,789,10.2158,-0.0077,0.0043,3
1784496800,34.8,w,789,789,10.2753,-0.0074,0.0043,3
1784497000,35.0,w,789,789,10.3347,-0.0072,0.0043,3
1784497200,35.2,w,789,789,10.3942,-0.0069,0.0043,3
1784497400,35.4,w,789,789,10.4537,-0.0067,0.0043,3
1784497600,35.6,w,789,789,10.5132,-0.0064,0.0043,3
1784497800,35.8,w,789,789,10.5726,-0.0062,0.0043,3
1784498000,36.0,w,789,789,10.6321,-0.0059,0.0043,3
1784498200,36.2,w,789,789,10.6916,-0.0056,0.0043,3
1784498400,36.4,w,789,789,10.7511,-0.0054,0.0043,3
1784498600,36.6,w,789,789,10.8105,-0.0051,0.0043,3
1784498800,36.8,w,789,789,10.87,-0.0049,0.0043,3
1784499000,37.0,w,789,789,10.9295,-0.0046,0.0043,3
1784499200,37.2,w,789,789,10.989,-0.0044,0.0043,3
1784499400,37.4,w,789,789,11.0484,-0.0041,0.0043,3
1784499600,37.6,w,789,789,11.1079,-0.0038,0.0043,3
1784499800,37.8,w,789,789,11.1674,-0.0036,0.0043,3
1784500000,38.0,w,789,789,11.2268,-0.0033,0.0043,3
1784500200,38.2,w,789,789,11.2863,-0.0031,0.0043,3
1784500400,38.4,w,789,789,11.3458,-0.0028,0.0043,3
1784500600,38.6,w,789,789,11.4053,-0.0026,0.0043,3
1784500800,38.8,w,789,789,11.4647,-0.0023,0.0043,3
1784501000,39.0,w,789,789,11.5242,-0.0021,0.0043,3
1784501200,39.2,w,789,789,11.5837,-0.0018,0.0043,3
1784501400,39.4,w,789,789,11.6432,-0.0015,0.0043,3
1784501600,39.6,w,789,789,11.7026,-0.0013,0.0043,3
1784501800,39.8,w,789,789,11.7621,-0.001,0.0043,3
1784502000,40.0,w,789,789,11.8216,-0.0008,0.0043,3
1784502200,40.2,w,789,789,11.8811,-0.0005,0.0043,3
1784502400,40.4,w,789,789,11.9405,-0.0003,0.0043,3
1784502600,40.6,w,789,789,12.0,0.0,0.0043,3
1784502800,40.8,e,0,0,12.0,0.0,0.0,4
